id,datetime_local,expected_weather_hours_10_preceding_days
18806207,2022-11-04 12:31:08,265
22481522,2024-04-05 07:17:38,263
22481521,2024-04-05 08:36:55,263
22481517,2024-04-07 19:14:57,263
22481518,2024-04-07 19:28:58,263
22481519,2024-04-07 19:42:59,263
22497094,2024-04-08 05:14:29,263
22497206,2024-04-08 06:30:42,263
22500530,2024-04-08 13:32:42,263
22500593,2024-04-08 13:44:10,263
22504725,2024-04-09 06:43:55,263
27383378,2025-04-07 08:13:09,263
31021833,2026-04-01 13:42:21,263
31021832,2026-04-01 13:48:01,263
31062969,2026-04-08 17:41:46,263
22461820,2024-04-04 06:23:03,263
22461819,2024-04-04 06:37:03,263
27322338,2025-04-02 06:23:51,263
27322337,2025-04-02 06:37:51,263
27322336,2025-04-02 06:51:51,263
27329440,2025-04-03 05:58:19,263
27329439,2025-04-03 06:12:19,263
27329438,2025-04-03 06:26:19,263
27329550,2025-04-03 06:44:08,263
27329552,2025-04-03 06:58:09,263
27329551,2025-04-03 07:12:09,263
27388923,2025-04-08 06:12:02,263
27397631,2025-04-09 05:48:21,263
27397630,2025-04-09 06:02:21,263
27397585,2025-04-09 06:14:05,263
27397632,2025-04-09 06:16:22,263
31038263,2026-04-03 16:14:24,263
31038392,2026-04-03 18:22:23,263
31038396,2026-04-03 18:30:20,263
31038398,2026-04-03 18:49:30,263
31038496,2026-04-03 19:00:02,263
31038499,2026-04-03 19:14:02,263
31038495,2026-04-03 19:28:03,263
31038561,2026-04-04 06:27:16,263
31038607,2026-04-04 06:33:14,263
31038605,2026-04-04 06:47:14,263
31038606,2026-04-04 07:01:14,263
31038660,2026-04-04 07:10:52,263
31038659,2026-04-04 07:24:52,263
31038661,2026-04-04 07:38:52,263
31038663,2026-04-04 07:44:26,263
31040026,2026-04-05 06:00:33,263
31040079,2026-04-05 06:17:25,263
31040264,2026-04-05 09:07:22,263
31040953,2026-04-06 06:01:43,263
31041035,2026-04-06 06:54:09,263
31042323,2026-04-07 05:42:52,263
31042351,2026-04-07 06:11:44,263
31064947,2026-04-08 20:00:21,263
19210542,2023-03-26 06:38:18,263
19210543,2023-03-26 06:52:19,263
19210544,2023-03-26 07:06:20,263
22465968,2024-04-04 18:52:05,263
27338249,2025-04-03 17:53:39,263
27341119,2025-04-04 05:54:00,263
27341120,2025-04-04 06:08:00,263
27341121,2025-04-04 06:22:00,263
19223132,2023-03-30 06:12:18,263
19223134,2023-03-30 06:26:18,263
19223133,2023-03-30 06:40:18,263
19223130,2023-03-30 06:49:17,263
19223131,2023-03-30 07:03:17,263
19223129,2023-03-30 07:17:17,263
27382682,2025-04-06 08:48:13,263
27383133,2025-04-07 05:30:20,263
27383135,2025-04-07 05:44:22,263
27383134,2025-04-07 05:58:23,263
27388861,2025-04-08 05:28:10,263
27389035,2025-04-08 05:59:52,263
27388933,2025-04-08 06:11:21,263
27389036,2025-04-08 06:13:53,263
27389037,2025-04-08 06:27:55,263
27397590,2025-04-09 06:15:54,263
31091845,2026-04-02 06:23:56,263
31038540,2026-04-04 05:52:41,263
27315944,2025-04-01 06:27:51,263
22037521,2023-11-07 06:28:35,265
22461726,2024-04-04 06:23:31,263
27316067,2025-04-01 07:27:10,263
27329556,2025-04-03 06:52:13,263
27329555,2025-04-03 07:06:13,263
27329554,2025-04-03 07:20:14,263
27341229,2025-04-04 07:21:30,263
27351457,2025-04-05 10:47:41,263
27382729,2025-04-06 20:20:36,263
27397732,2025-04-09 06:56:18,263
22471132,2024-04-07 09:45:11,263
27341103,2025-04-04 06:11:28,263
27397796,2025-04-09 07:58:28,263
30872349,2026-03-29 08:23:39,263
31038617,2026-04-04 05:10:15,263
31038612,2026-04-04 07:06:24,263
31038616,2026-04-04 07:10:03,263
31045127,2026-04-07 13:52:41,263
27315989,2025-04-01 06:16:53,263
27315988,2025-04-01 06:30:53,263
27315987,2025-04-01 06:44:53,263
27322297,2025-04-02 06:05:36,263
27322296,2025-04-02 06:19:37,263
27322298,2025-04-02 06:33:37,263
27329428,2025-04-03 05:50:00,263
27329427,2025-04-03 06:04:00,263
27329426,2025-04-03 06:18:00,263
27341164,2025-04-04 05:54:23,263
27341162,2025-04-04 06:08:24,263
27341163,2025-04-04 06:22:24,263
27351275,2025-04-05 05:45:23,263
27351274,2025-04-05 05:59:24,263
27351272,2025-04-05 06:13:24,263
27383124,2025-04-07 05:45:52,263
27383226,2025-04-07 05:45:52,263
27383125,2025-04-07 05:59:52,263
27383233,2025-04-07 05:59:52,263
27383126,2025-04-07 06:13:53,263
27383237,2025-04-07 06:13:53,263
27389039,2025-04-08 06:02:28,263
27388918,2025-04-08 06:09:25,263
27389041,2025-04-08 06:16:28,263
27389040,2025-04-08 06:30:28,263
27397642,2025-04-09 05:37:41,263
27397637,2025-04-09 05:51:41,263
27397634,2025-04-09 06:05:42,263
30048356,2025-10-31 09:10:35,265
30048463,2025-10-31 09:26:24,265
31037311,2026-04-02 05:56:18,263
31037310,2026-04-02 06:10:18,263
31037309,2026-04-02 06:24:18,263
31037305,2026-04-03 05:54:21,263
31037307,2026-04-03 06:08:21,263
31037306,2026-04-03 06:22:21,263
31037451,2026-04-03 06:43:12,263
31037450,2026-04-03 06:57:12,263
31037448,2026-04-03 07:11:12,263
31039049,2026-04-04 05:43:49,263
31039047,2026-04-04 05:57:49,263
31039048,2026-04-04 06:11:49,263
31039955,2026-04-04 06:25:31,263
31039954,2026-04-04 06:39:31,263
31039953,2026-04-04 06:53:31,263
31040610,2026-04-05 05:24:06,263
31040607,2026-04-05 05:38:06,263
31040606,2026-04-05 05:52:06,263
31040262,2026-04-05 06:32:53,263
31040260,2026-04-05 06:46:53,263
31040256,2026-04-05 07:00:53,263
31040963,2026-04-06 05:37:03,263
31040962,2026-04-06 05:51:03,263
31042465,2026-04-06 05:59:00,263
31040961,2026-04-06 06:05:03,263
31042460,2026-04-06 06:13:00,263
31042451,2026-04-06 06:27:00,263
31042448,2026-04-07 05:42:36,263
31042447,2026-04-07 05:56:36,263
31042449,2026-04-07 06:10:36,263
31050906,2026-04-08 05:05:37,263
31051024,2026-04-08 06:35:39,263
31051907,2026-04-08 06:49:28,263
31051903,2026-04-08 07:03:28,263
31051215,2026-04-08 07:17:28,263
22435137,2024-03-31 06:37:42,263
27305566,2025-03-31 05:46:32,263
27305493,2025-03-31 05:56:31,263
27305565,2025-03-31 06:00:32,263
27305567,2025-03-31 06:14:32,263
27322408,2025-03-31 06:25:35,263
27322407,2025-03-31 06:27:51,263
27316038,2025-04-01 06:12:08,263
27316040,2025-04-01 06:26:09,263
27315948,2025-04-01 06:36:35,263
27316039,2025-04-01 06:40:09,263
27316041,2025-04-01 07:14:46,263
27322265,2025-04-02 06:02:48,263
27322267,2025-04-02 06:16:48,263
27322266,2025-04-02 06:30:48,263
27322403,2025-04-02 07:40:17,263
27329436,2025-04-03 05:59:38,263
27329435,2025-04-03 06:13:38,263
27329437,2025-04-03 06:27:38,263
27341495,2025-04-04 06:23:21,263
27351019,2025-04-05 06:15:21,263
27351033,2025-04-05 06:23:03,263
27351176,2025-04-05 06:27:12,263
27351035,2025-04-05 06:28:43,263
27351178,2025-04-05 06:41:29,263
27351177,2025-04-05 06:55:45,263
27383150,2025-04-07 05:59:48,263
27383151,2025-04-07 06:13:49,263
27383278,2025-04-07 06:25:14,263
27383152,2025-04-07 06:27:50,263
27383276,2025-04-07 06:39:14,263
27383277,2025-04-07 06:53:14,263
27389015,2025-04-08 06:08:40,263
27389013,2025-04-08 06:22:40,263
27389014,2025-04-08 06:36:40,263
27397639,2025-04-09 06:03:51,263
27397640,2025-04-09 06:17:51,263
27397638,2025-04-09 06:31:52,263
30880408,2026-03-31 06:10:17,263
30880407,2026-03-31 06:24:17,263
30880406,2026-03-31 06:38:17,263
30880447,2026-03-31 07:50:32,263
30890994,2026-04-01 05:57:41,263
30890993,2026-04-01 06:11:41,263
30890996,2026-04-01 06:25:41,263
30890964,2026-04-01 06:29:17,263
31021933,2026-04-02 05:42:53,263
31021932,2026-04-02 05:56:53,263
31021935,2026-04-02 06:10:53,263
31021918,2026-04-02 06:21:09,263
31021958,2026-04-02 06:36:10,263
31037446,2026-04-03 05:44:06,263
31037444,2026-04-03 05:58:06,263
31037443,2026-04-03 06:12:07,263
31037393,2026-04-03 06:28:25,263
31040590,2026-04-04 10:33:22,263
31042399,2026-04-07 05:55:12,263
31042397,2026-04-07 06:09:12,263
31042398,2026-04-07 06:23:12,263
31042384,2026-04-07 06:33:38,263
31042503,2026-04-07 07:25:34,263
31051025,2026-04-08 05:44:08,263
31051026,2026-04-08 05:58:09,263
31051027,2026-04-08 06:12:09,263
31051005,2026-04-08 06:22:53,263
31051045,2026-04-08 06:47:06,263
31051225,2026-04-08 08:17:17,263
31066726,2026-04-08 08:26:54,263
19231556,2023-04-03 06:15:08,263
19243682,2023-04-04 06:16:38,263
19243700,2023-04-04 06:41:07,263
19244934,2023-04-05 06:17:52,263
22478517,2024-04-07 15:18:56,263
22483950,2024-04-07 20:05:22,263
22497709,2024-04-08 05:50:48,263
22497711,2024-04-08 05:50:48,263
22497713,2024-04-08 06:04:49,263
22497717,2024-04-08 06:31:00,263
22497218,2024-04-08 06:42:14,263
22497723,2024-04-08 06:45:01,263
22497729,2024-04-08 06:59:01,263
22500524,2024-04-08 13:28:23,263
22500628,2024-04-08 14:25:17,263
22502963,2024-04-08 17:59:04,263
22509429,2024-04-10 12:59:43,263
22509431,2024-04-10 13:13:43,263
22509430,2024-04-10 13:27:43,263
27283638,2025-03-30 07:18:37,263
27305520,2025-03-31 06:19:49,263
27305529,2025-03-31 06:31:24,263
27315884,2025-04-01 06:05:42,263
27315984,2025-04-01 06:32:17,263
27316082,2025-04-01 07:15:41,263
27322225,2025-04-02 06:02:49,263
27329365,2025-04-03 05:59:41,263
27329369,2025-04-03 06:03:15,263
27329406,2025-04-03 06:24:45,263
27329446,2025-04-03 06:40:25,263
27329532,2025-04-03 07:07:09,263
27341051,2025-04-04 06:02:43,263
27341094,2025-04-04 06:14:32,263
27351635,2025-04-05 15:40:19,263
27381353,2025-04-06 06:00:06,263
27381360,2025-04-06 06:14:06,263
27380750,2025-04-06 06:21:09,263
27381391,2025-04-06 06:28:06,263
27383072,2025-04-07 06:03:05,263
27410499,2025-04-07 09:05:14,263
27388910,2025-04-08 06:03:21,263
27388943,2025-04-08 06:06:24,263
27388915,2025-04-08 06:07:04,263
27389003,2025-04-08 06:09:48,263
27389004,2025-04-08 06:23:49,263
27389005,2025-04-08 06:37:50,263
27397567,2025-04-09 06:02:51,263
27397725,2025-04-09 06:57:38,263
27397728,2025-04-09 07:16:28,263
27410535,2025-04-09 09:27:44,263
27410581,2025-04-09 09:46:01,263
30871096,2026-03-29 06:22:55,263
30871098,2026-03-29 06:29:21,263
30873485,2026-03-30 06:31:48,263
30873573,2026-03-30 07:47:24,263
30880429,2026-03-31 07:03:05,263
30891016,2026-04-01 07:19:49,263
31021992,2026-04-02 07:08:32,263
31022082,2026-04-02 07:54:59,263
31022106,2026-04-02 08:23:33,263
31022111,2026-04-02 08:28:42,263
31037396,2026-04-02 09:17:33,263
31037323,2026-04-03 07:02:48,263
31037390,2026-04-03 07:38:50,263
31037514,2026-04-03 08:26:42,263
31037513,2026-04-03 08:41:31,263
31037510,2026-04-03 09:01:09,263
31038614,2026-04-04 07:06:03,263
31040149,2026-04-05 04:36:38,263
31040011,2026-04-05 04:48:08,263
31040037,2026-04-05 06:05:01,263
31051232,2026-04-05 06:52:57,263
31040274,2026-04-05 06:55:26,263
31040161,2026-04-05 07:20:18,263
31040165,2026-04-05 07:20:52,263
31040175,2026-04-05 07:30:42,263
31041182,2026-04-06 07:37:25,263
31042197,2026-04-06 18:58:31,263
31051227,2026-04-07 04:59:33,263
31051226,2026-04-07 05:13:33,263
31042350,2026-04-07 06:09:07,263
31042376,2026-04-07 06:19:04,263
31042520,2026-04-07 07:36:57,263
31042900,2026-04-07 09:30:12,263
31051140,2026-04-08 07:26:31,263
31051189,2026-04-08 07:32:04,263
22471332,2024-04-07 10:47:51,263
31037429,2026-04-03 08:41:07,263
31042410,2026-04-07 06:05:05,263
31042409,2026-04-07 06:19:06,263
31042411,2026-04-07 06:33:07,263
22504917,2024-04-09 10:07:01,263
22504919,2024-04-09 10:12:54,263
22505179,2024-04-09 10:47:40,263
15489095,2022-03-27 06:39:45,263
15561455,2022-03-28 10:11:41,263
15566325,2022-03-28 10:48:38,263
15566323,2022-03-28 11:07:56,263
15728169,2022-03-28 11:55:51,263
15561461,2022-04-03 16:07:38,263
15561454,2022-04-03 16:13:35,263
19210558,2023-03-26 09:18:32,263
19212032,2023-03-27 06:16:48,263
19219501,2023-03-28 17:43:15,263
19219853,2023-03-29 06:57:47,263
19226756,2023-03-31 06:18:30,263
19244936,2023-04-05 06:12:54,263
22451883,2024-04-01 06:33:35,263
22506931,2024-04-10 06:49:30,263
27283637,2025-03-30 06:19:43,263
27304161,2025-03-30 06:33:43,263
27304160,2025-03-30 06:47:43,263
27305627,2025-03-31 05:22:49,263
27305628,2025-03-31 05:36:49,263
27305629,2025-03-31 05:50:49,263
27322415,2025-04-02 06:17:38,263
27322413,2025-04-02 06:31:38,263
27322414,2025-04-02 06:45:39,263
27351024,2025-04-05 06:23:53,263
27380785,2025-04-06 06:11:22,263
27380787,2025-04-06 06:25:22,263
27380786,2025-04-06 06:39:22,263
27380800,2025-04-06 06:49:34,263
27389265,2025-04-08 05:27:02,263
27389267,2025-04-08 05:41:02,263
27389266,2025-04-08 05:55:02,263
27389105,2025-04-08 07:24:12,263
27396589,2025-04-08 20:10:31,263
27397587,2025-04-09 06:14:59,263
27397697,2025-04-09 07:05:23,263
30889188,2026-03-31 18:40:30,263
30890660,2026-03-31 19:06:01,263
31042195,2026-04-01 12:06:02,263
30892414,2026-04-01 12:41:41,263
31042194,2026-04-01 13:01:51,263
30892586,2026-04-01 13:04:29,263
31042193,2026-04-01 13:07:09,263
31042192,2026-04-01 13:11:38,263
31042191,2026-04-01 13:24:58,263
31042189,2026-04-01 13:36:48,263
31042188,2026-04-01 13:42:34,263
31042187,2026-04-01 13:53:46,263
31042186,2026-04-01 14:06:07,263
31042185,2026-04-01 14:14:34,263
31042184,2026-04-01 14:22:12,263
31042183,2026-04-01 14:25:08,263
31042182,2026-04-01 14:28:21,263
31042181,2026-04-01 14:32:27,263
31042180,2026-04-01 14:47:16,263
31042179,2026-04-01 14:50:43,263
31042178,2026-04-01 15:11:46,263
30963650,2026-04-01 15:15:21,263
30987412,2026-04-01 15:20:18,263
31042177,2026-04-01 16:03:01,263
31038601,2026-04-04 06:10:05,263
31038602,2026-04-04 06:24:06,263
31040942,2026-04-04 06:31:28,263
31038603,2026-04-04 06:38:07,263
31038582,2026-04-04 06:45:51,263
31038584,2026-04-04 06:49:36,263
31040944,2026-04-04 06:56:59,263
31039060,2026-04-04 09:32:13,263
31040945,2026-04-05 06:19:21,263
31040946,2026-04-05 06:30:49,263
31040947,2026-04-05 06:42:00,263
31040951,2026-04-06 06:00:13,263
31041049,2026-04-06 06:04:37,263
31041048,2026-04-06 06:18:37,263
31040977,2026-04-06 06:24:24,263
31040985,2026-04-06 06:28:06,263
31041050,2026-04-06 06:32:37,263
31041085,2026-04-06 06:33:49,263
31041024,2026-04-06 06:47:00,263
31041087,2026-04-06 06:47:50,263
31041086,2026-04-06 07:01:51,263
31042380,2026-04-07 06:32:32,263
19223125,2023-03-30 06:59:17,263
19226768,2023-03-31 07:16:27,263
22452024,2024-04-01 08:05:03,263
22452026,2024-04-01 08:14:26,263
22470918,2024-04-07 06:01:26,263
27329577,2025-04-03 07:16:42,263
27329579,2025-04-03 07:30:42,263
27329578,2025-04-03 07:44:42,263
27341319,2025-04-04 08:09:46,263
27341427,2025-04-04 08:18:18,263
27341433,2025-04-04 08:31:46,263
27383147,2025-04-07 06:29:29,263
27383220,2025-04-07 06:42:22,263
27383225,2025-04-07 06:50:23,263
31022108,2026-04-02 07:43:19,263
31022110,2026-04-02 07:57:20,263
31022109,2026-04-02 08:11:21,263
31037870,2026-04-03 08:17:10,263
31037871,2026-04-03 08:31:10,263
31037872,2026-04-03 08:45:10,263
31038387,2026-04-03 18:18:28,263
31039012,2026-04-04 07:42:48,263
31039014,2026-04-04 07:56:48,263
31039013,2026-04-04 08:10:48,263
31040200,2026-04-05 05:59:27,263
31040198,2026-04-05 06:13:27,263
31040199,2026-04-05 06:27:27,263
31042366,2026-04-07 05:51:07,263
31042367,2026-04-07 06:05:07,263
31042365,2026-04-07 06:19:07,263
32996453,2026-04-05 07:13:46,263
32996452,2026-04-05 07:27:46,263
32996451,2026-04-05 07:41:49,263
22470460,2024-04-06 19:39:55,263
22506914,2024-04-10 06:13:40,263
27305496,2025-03-31 05:33:10,263
27305497,2025-03-31 05:47:11,263
27305498,2025-03-31 06:01:13,263
27305579,2025-03-31 06:53:00,263
27315867,2025-04-01 05:37:54,263
27315892,2025-04-01 06:09:56,263
27315967,2025-04-01 06:14:12,263
27315905,2025-04-01 06:18:52,263
27315966,2025-04-01 06:28:13,263
27315965,2025-04-01 06:42:14,263
27322222,2025-04-02 05:48:45,263
27322315,2025-04-02 05:54:51,263
27322229,2025-04-02 06:06:17,263
27322317,2025-04-02 06:08:53,263
27322316,2025-04-02 06:22:54,263
27322291,2025-04-02 06:38:15,263
27329392,2025-04-03 05:45:32,263
27329394,2025-04-03 05:59:33,263
27329377,2025-04-03 06:09:05,263
27329393,2025-04-03 06:13:35,263
27329385,2025-04-03 06:14:54,263
27329637,2025-04-03 08:27:02,263
27341043,2025-04-04 05:48:23,263
27341169,2025-04-04 05:54:11,263
27341048,2025-04-04 05:56:11,263
27348776,2025-04-04 06:04:01,263
27341170,2025-04-04 06:08:13,263
27341171,2025-04-04 06:22:14,263
27347050,2025-04-04 13:02:48,263
27349666,2025-04-04 18:29:51,263
27350972,2025-04-05 05:28:57,263
27350988,2025-04-05 05:49:35,263
27350991,2025-04-05 05:57:16,263
27351017,2025-04-05 06:12:07,263
27351273,2025-04-05 08:25:37,263
27380797,2025-04-06 06:45:48,263
27380873,2025-04-06 07:41:20,263
27383054,2025-04-07 05:37:21,263
27383077,2025-04-07 06:06:06,263
27388863,2025-04-08 05:33:09,263
27388892,2025-04-08 05:36:59,263
27388894,2025-04-08 05:44:54,263
27397541,2025-04-09 05:29:21,263
27397545,2025-04-09 05:42:45,263
27397617,2025-04-09 06:08:48,263
30890947,2026-04-01 05:48:33,263
31021907,2026-04-02 06:05:45,263
31022090,2026-04-02 07:49:39,263
31037285,2026-04-03 06:27:15,263
31037295,2026-04-03 06:32:36,263
31037288,2026-04-03 06:32:39,263
31037344,2026-04-03 07:14:11,263
31038550,2026-04-04 06:13:59,263
31038568,2026-04-04 06:32:27,263
31038627,2026-04-04 07:22:18,263
31040021,2026-04-05 05:38:25,263
31040093,2026-04-05 06:23:28,263
31042356,2026-04-07 05:37:48,263
31042355,2026-04-07 05:51:48,263
31042354,2026-04-07 06:05:48,263
31042415,2026-04-07 06:38:55,263
31042420,2026-04-07 06:50:34,263
31051015,2026-04-08 05:31:17,263
31051013,2026-04-08 05:45:17,263
31051014,2026-04-08 05:59:17,263
31050980,2026-04-08 06:08:26,263
19210550,2023-03-26 07:54:30,263
19230301,2023-04-02 07:16:20,263
19231591,2023-04-03 07:34:44,263
19243705,2023-04-04 06:51:49,263
15550419,2022-04-04 06:25:09,263
21946266,2023-10-29 08:38:17,265
21964392,2023-10-31 06:51:53,265
21975205,2023-11-01 07:05:04,265
22010685,2023-11-03 06:58:20,265
22011268,2023-11-04 08:22:59,265
22018168,2023-11-05 08:58:11,265
22034282,2023-11-06 06:38:57,265
22037523,2023-11-07 06:59:14,265
22040375,2023-11-08 06:59:38,265
22435136,2024-03-31 06:28:43,263
22507120,2024-04-10 06:27:35,263
22507118,2024-04-10 06:41:35,263
22507119,2024-04-10 06:55:35,263
26223311,2024-10-28 10:49:44,265
26223315,2024-10-28 11:08:18,265
26223316,2024-10-28 11:10:42,265
27316034,2025-04-01 06:32:30,263
27316035,2025-04-01 06:46:31,263
27316036,2025-04-01 07:00:32,263
27341212,2025-04-04 06:44:48,263
27341214,2025-04-04 06:58:49,263
27341213,2025-04-04 07:12:50,263
27383365,2025-04-07 06:50:42,263
27383368,2025-04-07 07:04:43,263
27383366,2025-04-07 07:45:40,263
27389080,2025-04-08 06:41:01,263
27389079,2025-04-08 06:55:02,263
27389078,2025-04-08 07:09:03,263
31042464,2026-04-07 07:05:07,263
31042486,2026-04-07 07:09:58,263
22469869,2024-04-04 06:15:33,263
22469868,2024-04-06 08:19:24,263
31021917,2026-04-02 06:18:59,263
27315961,2025-04-01 06:36:34,263
27322268,2025-04-02 06:32:25,263
27329442,2025-04-03 06:41:39,263
27341156,2025-04-04 06:44:37,263
27351197,2025-04-05 07:31:09,263
27383238,2025-04-07 06:55:02,263
27388925,2025-04-08 06:09:47,263
27397609,2025-04-09 06:28:19,263
30890991,2026-04-01 06:56:03,263
31021959,2026-04-02 06:51:22,263
31040204,2026-04-05 07:47:13,263
27341185,2025-04-04 06:24:49,263
27351597,2025-04-05 06:51:02,263
31039496,2026-04-04 12:57:54,263
31039943,2026-04-04 18:56:41,263
15480884,2022-03-27 06:54:50,263
15489822,2022-03-29 06:45:42,263
15511049,2022-03-31 06:53:03,263
15522401,2022-04-02 06:31:25,263
18810703,2022-11-08 07:14:02,265
18813706,2022-11-09 07:19:37,265
19219840,2023-03-29 06:14:14,263
19219843,2023-03-29 06:29:33,263
19223119,2023-03-30 06:43:28,263
19226759,2023-03-31 06:46:17,263
19230256,2023-04-02 06:34:32,263
22435164,2024-03-31 07:51:20,263
22452005,2024-04-01 07:00:21,263
22466520,2024-04-05 07:27:47,263
22469839,2024-04-06 06:40:21,263
22470995,2024-04-07 06:47:38,263
22470999,2024-04-07 06:49:56,263
22497214,2024-04-08 06:35:36,263
22504713,2024-04-09 06:35:11,263
22506926,2024-04-10 06:43:53,263
27305557,2025-03-31 06:43:51,263
27315943,2025-04-01 06:35:58,263
27322304,2025-04-02 06:46:39,263
27329420,2025-04-03 06:31:29,263
27341129,2025-04-04 06:34:43,263
27351104,2025-04-05 06:40:28,263
27380788,2025-04-06 06:39:49,263
27383216,2025-04-07 06:46:02,263
27389096,2025-04-08 07:19:09,263
27397635,2025-04-09 06:43:57,263
30873482,2026-03-30 06:41:19,263
30890978,2026-04-01 06:45:03,263
31021938,2026-04-02 06:38:09,263
31037321,2026-04-03 07:02:45,263
31038593,2026-04-04 06:56:51,263
31038613,2026-04-04 07:09:09,263
31040118,2026-04-05 06:43:09,263
31040134,2026-04-05 07:02:43,263
31041054,2026-04-06 07:07:39,263
31042467,2026-04-07 07:09:44,263
31042514,2026-04-07 07:37:38,263
31051052,2026-04-08 06:51:52,263
19217362,2023-03-28 06:15:44,263
31041744,2026-04-06 15:10:49,263
31050905,2026-04-08 04:52:36,263
31051135,2026-04-08 07:38:28,263
19217468,2023-03-28 09:16:38,263
19219886,2023-03-29 09:09:35,263
19223141,2023-03-30 08:11:36,263
19228884,2023-04-01 07:27:56,263
30054106,2025-11-02 10:55:48,265
30893181,2026-04-01 08:35:01,263
18806574,2022-11-05 08:43:48,265
22497165,2024-04-08 05:51:51,263
22452006,2024-04-01 07:03:43,263
22459897,2024-04-03 06:41:29,263
22459905,2024-04-03 06:58:25,263
22461846,2024-04-04 07:30:42,263
22469847,2024-04-06 06:57:25,263
22470991,2024-04-07 06:41:04,263
22471003,2024-04-07 06:54:32,263
22471012,2024-04-07 07:07:29,263
22506937,2024-04-10 06:59:48,263
27283679,2025-03-30 08:10:36,263
27283960,2025-03-30 09:26:33,263
27305525,2025-03-31 06:34:01,263
27305576,2025-03-31 06:58:04,263
27305658,2025-03-31 08:19:11,263
27315931,2025-04-01 06:33:20,263
27315971,2025-04-01 06:43:47,263
27315992,2025-04-01 06:53:39,263
27322276,2025-04-02 06:33:24,263
27322279,2025-04-02 06:35:25,263
27322382,2025-04-02 07:19:57,263
27328318,2025-04-02 18:42:19,263
27328439,2025-04-02 18:47:28,263
27329448,2025-04-03 06:45:51,263
27341132,2025-04-04 06:30:49,263
27341172,2025-04-04 06:51:36,263
27341242,2025-04-04 07:30:01,263
27351018,2025-04-05 06:19:51,263
27351055,2025-04-05 06:36:19,263
27383149,2025-04-07 06:33:33,263
27394685,2025-04-08 18:43:55,263
27397618,2025-04-09 06:33:00,263
27397758,2025-04-09 07:26:08,263
30889137,2026-03-31 16:24:32,263
30888966,2026-03-31 16:24:51,263
30889136,2026-03-31 16:26:53,263
30888965,2026-03-31 16:27:52,263
30889135,2026-03-31 16:29:55,263
30888964,2026-03-31 16:31:20,263
30889134,2026-03-31 16:32:04,263
30888963,2026-03-31 16:33:32,263
31019812,2026-04-01 19:32:20,263
31019816,2026-04-01 19:40:51,263
31021969,2026-04-02 07:01:42,263
31037277,2026-04-03 06:17:48,263
31037352,2026-04-03 07:22:45,263
31038644,2026-04-04 07:30:41,263
31040197,2026-04-05 07:47:12,263
31040920,2026-04-06 05:33:09,263
31040966,2026-04-06 06:12:32,263
31042485,2026-04-07 07:18:04,263
31051088,2026-04-08 07:03:47,263
22504700,2024-04-09 06:08:18,263
27322226,2025-04-02 06:04:46,263
27397579,2025-04-09 06:11:03,263
31021909,2026-04-02 06:09:11,263
31038551,2026-04-04 06:15:06,263
31050981,2026-04-08 06:10:01,263
22435764,2024-03-31 12:56:48,263
27283601,2025-03-30 06:38:55,263
27283608,2025-03-30 06:56:12,263
27283633,2025-03-30 07:06:00,263
27379103,2025-04-05 19:23:13,263
27389008,2025-04-08 05:57:57,263
27389010,2025-04-08 06:11:57,263
27389009,2025-04-08 06:25:57,263
15821440,2022-03-29 05:38:25,263
22751757,2022-03-29 06:06:11,263
19223112,2023-03-30 06:28:37,263
19226760,2023-03-31 06:50:34,263
22435133,2024-03-31 06:18:50,263
22454751,2024-04-02 06:13:00,263
22454804,2024-04-02 06:15:11,263
22454805,2024-04-02 06:29:11,263
22454806,2024-04-02 06:43:11,263
22469736,2024-04-06 06:17:18,263
22469738,2024-04-06 06:19:42,263
22478825,2024-04-07 17:08:36,263
22504692,2024-04-09 05:47:24,263
27321314,2025-04-01 19:08:13,263
27349901,2025-04-04 18:57:08,263
27350084,2025-04-04 19:11:12,263
27350151,2025-04-04 19:17:56,263
27350152,2025-04-04 19:22:07,263
27350155,2025-04-04 19:27:23,263
27350994,2025-04-05 06:04:45,263
27425214,2025-04-05 06:10:07,263
27381061,2025-04-06 10:18:08,263
27624526,2025-04-07 05:48:22,263
30880610,2026-03-31 08:39:50,263
31036884,2026-04-02 19:15:23,263
27316052,2025-04-01 07:19:01,263
27322331,2025-04-02 06:48:09,263
27329558,2025-04-03 07:18:43,263
27341230,2025-04-04 07:18:30,263
27351174,2025-04-05 07:08:45,263
27380803,2025-04-06 06:54:15,263
27383314,2025-04-07 07:19:18,263
27389114,2025-04-08 07:18:45,263
27397742,2025-04-09 07:18:08,263
31022055,2026-04-02 07:37:22,263
31041003,2026-04-06 06:38:15,263
31042528,2026-04-07 07:38:48,263
31051205,2026-04-08 07:39:26,263
31064891,2026-04-08 19:17:29,263
22469734,2024-04-06 06:11:06,263
27283661,2025-03-30 05:49:01,263
27283949,2025-03-30 05:54:07,263
27283938,2025-03-30 05:55:46,263
27283951,2025-03-30 05:57:24,263
27283946,2025-03-30 05:59:00,263
27283950,2025-03-30 06:02:02,263
27283876,2025-03-30 06:06:01,263
27283870,2025-03-30 06:10:44,263
27283861,2025-03-30 06:14:11,263
27283871,2025-03-30 06:16:42,263
27283867,2025-03-30 06:19:42,263
27283869,2025-03-30 06:22:09,263
27283686,2025-03-30 06:26:57,263
27283682,2025-03-30 06:29:16,263
27283681,2025-03-30 06:33:07,263
27283873,2025-03-30 06:35:23,263
27283862,2025-03-30 06:41:01,263
27283874,2025-03-30 06:42:50,263
27283875,2025-03-30 06:47:10,263
27283676,2025-03-30 06:50:32,263
27283674,2025-03-30 07:04:33,263
27283673,2025-03-30 07:18:33,263
27283670,2025-03-30 07:29:23,263
27283672,2025-03-30 08:07:01,263
27283678,2025-03-30 08:14:05,263
27315910,2025-03-31 05:57:40,263
27315916,2025-03-31 06:00:16,263
27315913,2025-03-31 06:11:21,263
27305516,2025-03-31 06:13:41,263
27315917,2025-03-31 06:16:56,263
27315919,2025-03-31 06:20:35,263
27315906,2025-03-31 06:24:23,263
27315903,2025-03-31 06:25:57,263
27315887,2025-03-31 06:27:33,263
27315886,2025-03-31 06:29:52,263
27315885,2025-03-31 06:31:34,263
27315879,2025-03-31 06:33:32,263
27315878,2025-03-31 06:35:58,263
27315877,2025-03-31 06:49:41,263
27305578,2025-03-31 07:00:17,263
27328779,2025-04-01 05:41:59,263
27315871,2025-04-01 05:43:54,263
27315874,2025-04-01 05:48:20,263
27315893,2025-04-01 06:15:17,263
27316033,2025-04-01 07:09:42,263
27322388,2025-04-02 05:58:23,263
27322387,2025-04-02 06:06:07,263
27322307,2025-04-02 06:11:16,263
27322383,2025-04-02 06:13:37,263
27322379,2025-04-02 06:20:43,263
27322306,2025-04-02 06:25:17,263
27322372,2025-04-02 06:29:21,263
27322370,2025-04-02 06:31:55,263
27322369,2025-04-02 06:35:58,263
27322305,2025-04-02 06:39:17,263
27322367,2025-04-02 06:43:53,263
27322366,2025-04-02 06:46:36,263
27322865,2025-04-02 09:58:24,263
27341269,2025-04-03 05:53:40,263
27341267,2025-04-03 05:56:03,263
27341265,2025-04-03 06:02:33,263
27329368,2025-04-03 06:02:34,263
27341263,2025-04-03 06:04:29,263
27341261,2025-04-03 06:09:27,263
27341251,2025-04-03 06:11:16,263
27341246,2025-04-03 06:15:20,263
27341245,2025-04-03 06:18:15,263
27329562,2025-04-03 07:23:06,263
27329584,2025-04-03 07:34:44,263
27341112,2025-04-04 05:53:06,263
27341244,2025-04-04 05:55:01,263
27341243,2025-04-04 06:04:53,263
27341111,2025-04-04 06:07:06,263
27341241,2025-04-04 06:07:20,263
27341240,2025-04-04 06:09:02,263
27341238,2025-04-04 06:11:24,263
27341237,2025-04-04 06:13:19,263
27341236,2025-04-04 06:14:49,263
27341110,2025-04-04 06:21:07,263
27341235,2025-04-04 06:57:09,263
27341232,2025-04-04 06:59:04,263
27341227,2025-04-04 07:01:03,263
27351043,2025-04-04 17:39:57,263
27351050,2025-04-04 17:41:43,263
27351116,2025-04-04 17:43:31,263
27351120,2025-04-04 17:45:15,263
27351190,2025-04-04 17:52:36,263
27351107,2025-04-04 17:55:52,263
27351187,2025-04-04 17:57:30,263
27351183,2025-04-04 17:59:58,263
27351180,2025-04-04 18:09:55,263
27351184,2025-04-04 18:17:23,263
27351188,2025-04-04 18:19:20,263
27351189,2025-04-04 18:21:25,263
27351191,2025-04-04 18:26:05,263
27351160,2025-04-04 18:28:58,263
27351125,2025-04-05 05:53:57,263
27351162,2025-04-05 05:56:17,263
27351100,2025-04-05 05:59:08,263
27351156,2025-04-05 06:09:24,263
27351158,2025-04-05 06:11:07,263
27351157,2025-04-05 06:14:46,263
27351175,2025-04-05 06:17:00,263
27351179,2025-04-05 06:22:39,263
27351143,2025-04-05 06:29:39,263
27380980,2025-04-06 07:09:48,263
27380976,2025-04-06 07:23:51,263
27380964,2025-04-06 07:25:31,263
27380962,2025-04-06 07:30:13,263
27380957,2025-04-06 07:32:41,263
27380951,2025-04-06 07:34:10,263
27380945,2025-04-06 07:35:41,263
27380967,2025-04-06 07:37:10,263
27380938,2025-04-06 07:38:47,263
27380934,2025-04-06 07:40:23,263
27380933,2025-04-06 07:42:40,263
27380884,2025-04-06 07:44:23,263
27383264,2025-04-07 05:38:50,263
27383252,2025-04-07 05:45:21,263
27383268,2025-04-07 05:48:32,263
27383247,2025-04-07 05:50:12,263
27383231,2025-04-07 05:51:45,263
27383224,2025-04-07 05:53:20,263
27383234,2025-04-07 05:54:50,263
27383228,2025-04-07 05:56:29,263
27383214,2025-04-07 06:13:41,263
27383206,2025-04-07 06:15:28,263
27383205,2025-04-07 06:35:21,263
27383155,2025-04-07 06:36:00,263
27383203,2025-04-07 06:36:48,263
27383198,2025-04-07 06:38:22,263
27383270,2025-04-07 07:01:23,263
27383266,2025-04-07 07:03:26,263
27388232,2025-04-07 18:38:42,263
27388278,2025-04-07 20:18:36,263
27388276,2025-04-07 20:20:15,263
27388282,2025-04-07 20:22:00,263
27389046,2025-04-08 05:47:19,263
27389057,2025-04-08 05:51:51,263
27389061,2025-04-08 05:57:07,263
27389045,2025-04-08 06:01:25,263
27389043,2025-04-08 06:03:08,263
27389038,2025-04-08 06:06:12,263
27389031,2025-04-08 06:07:45,263
27389028,2025-04-08 06:10:07,263
27388922,2025-04-08 06:11:59,263
27389006,2025-04-08 06:17:48,263
27389002,2025-04-08 06:22:52,263
27389000,2025-04-08 06:35:31,263
27395075,2025-04-08 18:23:54,263
27395051,2025-04-08 18:26:09,263
27397623,2025-04-08 18:29:23,263
27430406,2025-04-09 05:40:42,263
27397620,2025-04-09 05:44:50,263
27397619,2025-04-09 05:46:31,263
27397616,2025-04-09 05:48:24,263
27397614,2025-04-09 05:50:02,263
27430133,2025-04-09 05:54:43,263
27397737,2025-04-09 05:55:47,263
27397626,2025-04-09 05:58:18,263
27397739,2025-04-09 06:04:38,263
27430093,2025-04-09 06:08:44,263
27397740,2025-04-09 06:13:08,263
27397741,2025-04-09 06:14:41,263
27397750,2025-04-09 06:16:17,263
27397613,2025-04-09 06:25:08,263
27397746,2025-04-09 07:16:55,263
30872404,2026-03-29 06:56:36,263
30872410,2026-03-29 07:12:10,263
30872408,2026-03-29 07:14:36,263
30872405,2026-03-29 07:18:42,263
30889281,2026-03-30 06:25:56,263
30889282,2026-03-30 06:27:54,263
30880379,2026-03-31 05:39:36,263
30880381,2026-03-31 05:44:22,263
30889283,2026-03-31 06:16:20,263
30889286,2026-03-31 06:21:22,263
30887999,2026-03-31 06:28:19,263
30888001,2026-03-31 13:56:58,263
31018399,2026-04-01 05:53:13,263
30891065,2026-04-01 08:43:34,263
30891066,2026-04-01 08:46:55,263
30891069,2026-04-01 08:50:34,263
31037074,2026-04-02 06:10:38,263
31037076,2026-04-02 06:13:11,263
31021948,2026-04-02 06:15:11,263
31021946,2026-04-02 06:18:22,263
31040215,2026-04-02 07:12:14,263
31040242,2026-04-02 07:15:16,263
31037077,2026-04-02 19:46:50,263
31037078,2026-04-02 19:49:09,263
31037225,2026-04-03 05:13:07,263
31038604,2026-04-03 07:01:27,263
31038654,2026-04-04 07:19:22,263
31040192,2026-04-05 07:02:30,263
31040190,2026-04-05 07:16:31,263
31040191,2026-04-05 07:30:33,263
31040214,2026-04-05 07:56:27,263
31040241,2026-04-05 08:02:03,263
31040975,2026-04-06 06:19:49,263
31040992,2026-04-06 06:30:48,263
31042335,2026-04-07 05:52:15,263
31042402,2026-04-07 05:58:13,263
31042401,2026-04-07 06:12:13,263
31042400,2026-04-07 06:26:13,263
16169006,2022-03-27 06:00:00,263
15480880,2022-03-27 06:37:54,263
15480881,2022-03-27 06:40:34,263
15480882,2022-03-27 06:43:07,263
15485811,2022-03-28 06:07:32,263
15485831,2022-03-28 08:11:22,263
15550391,2022-04-04 06:28:28,263
22451999,2024-04-01 06:21:56,263
22452001,2024-04-01 06:35:57,263
22452000,2024-04-01 06:49:58,263
27283626,2025-03-30 07:10:52,263
27320483,2025-04-01 06:27:40,263
27316013,2025-04-01 07:02:52,263
27316014,2025-04-01 07:05:50,263
27329076,2025-04-02 06:15:18,263
27322233,2025-04-02 06:16:32,263
27322360,2025-04-02 06:31:44,263
27322359,2025-04-02 06:45:45,263
27322358,2025-04-02 06:59:46,263
27322440,2025-04-02 08:05:23,263
27329443,2025-04-03 06:17:25,263
27329421,2025-04-03 06:31:52,263
27329582,2025-04-03 08:06:34,263
27348767,2025-04-04 06:22:29,263
27341224,2025-04-04 07:19:22,263
27380379,2025-04-05 07:32:25,263
27351270,2025-04-05 08:18:21,263
27381055,2025-04-06 08:27:30,263
27388309,2025-04-07 06:15:37,263
27389075,2025-04-08 07:11:30,263
27389192,2025-04-08 07:16:55,263
27423946,2025-04-09 06:02:53,263
27397965,2025-04-09 08:17:34,263
30007291,2025-10-27 06:49:58,265
30032600,2025-10-29 07:36:28,265
30036440,2025-10-30 07:13:00,265
30048299,2025-10-31 07:21:13,265
30053261,2025-11-01 07:36:19,265
30054074,2025-11-02 07:58:33,265
31021117,2026-04-01 06:30:11,263
31038690,2026-04-02 06:11:04,263
31023191,2026-04-02 11:51:01,263
31038686,2026-04-03 09:13:11,263
31038685,2026-04-04 07:32:37,263
31040758,2026-04-05 07:37:22,263
31065641,2026-04-06 06:02:45,263
31065642,2026-04-07 06:06:07,263
31042466,2026-04-07 07:04:34,263
31065644,2026-04-08 06:03:15,263
22470930,2024-04-07 06:15:09,263
31057300,2026-04-08 12:08:50,263
9812338,2020-04-05 06:56:00,263
22452016,2024-04-01 07:03:50,263
22452018,2024-04-01 07:36:19,263
15561430,2022-04-06 08:57:53,263
22459895,2024-04-03 06:35:34,263
22497097,2024-04-08 05:26:20,263
22504739,2024-04-09 06:22:28,263
22504748,2024-04-09 06:36:29,263
22504740,2024-04-09 06:50:30,263
26238311,2024-10-29 11:31:12,265
27305632,2025-03-31 07:34:37,263
27315896,2025-04-01 06:15:33,263
27337803,2025-04-03 07:04:28,263
27341158,2025-04-04 06:17:00,263
27341159,2025-04-04 06:31:01,263
27341157,2025-04-04 06:45:01,263
27351312,2025-04-05 07:02:19,263
27351252,2025-04-05 07:08:42,263
27351253,2025-04-05 07:22:42,263
27351251,2025-04-05 07:36:43,263
27380824,2025-04-06 05:44:09,263
27380822,2025-04-06 05:58:09,263
27380802,2025-04-06 06:07:38,263
27380823,2025-04-06 06:12:10,263
27380747,2025-04-06 06:13:26,263
27383113,2025-04-07 06:15:23,263
27383128,2025-04-07 06:24:37,263
27389097,2025-04-08 06:57:02,263
27389112,2025-04-08 07:17:36,263
27397645,2025-04-09 05:55:11,263
27397566,2025-04-09 06:00:39,263
27397646,2025-04-09 06:09:12,263
27397647,2025-04-09 06:23:12,263
27397716,2025-04-09 06:59:56,263
27398184,2025-04-09 09:44:07,263
30871122,2026-03-29 07:22:58,263
30873578,2026-03-30 06:27:25,263
30873575,2026-03-30 06:41:25,263
30873577,2026-03-30 06:55:25,263
30874104,2026-03-30 08:55:21,263
30890998,2026-04-01 06:59:24,263
31021993,2026-04-02 07:09:57,263
31037273,2026-04-03 06:01:31,263
31037398,2026-04-03 07:33:03,263
31037400,2026-04-03 07:47:03,263
31037399,2026-04-03 08:01:03,263
31038642,2026-04-04 07:16:58,263
31254559,2026-04-05 05:00:07,263
31040136,2026-04-05 06:57:47,263
31041205,2026-04-06 08:09:43,263
31041236,2026-04-06 09:00:20,263
31041266,2026-04-06 09:18:04,263
31042474,2026-04-07 07:10:38,263
31051096,2026-04-08 06:33:33,263
31051095,2026-04-08 06:47:33,263
31051094,2026-04-08 07:01:33,263
31051092,2026-04-08 07:06:23,263
19210748,2023-03-26 12:03:35,263
19228969,2023-04-01 10:16:42,263
15480849,2022-03-27 05:03:36,263
15519124,2022-04-01 06:01:11,263
31038562,2026-04-04 06:28:01,263
15496808,2022-03-30 06:37:10,263
22461833,2024-04-04 07:06:43,263
22466489,2024-04-05 06:03:29,263
27322289,2025-04-02 06:10:29,263
27341102,2025-04-03 06:02:46,263
27341095,2025-04-04 05:57:21,263
27351108,2025-04-04 06:02:49,263
27351098,2025-04-05 06:26:50,263
27351059,2025-04-05 06:37:40,263
27380757,2025-04-06 06:26:21,263
27408469,2025-04-07 06:14:37,263
27383156,2025-04-07 06:36:00,263
27388911,2025-04-08 06:05:05,263
27397551,2025-04-09 05:51:09,263
27408480,2025-04-09 06:11:52,263
27305593,2025-03-31 07:11:00,263
27322348,2025-04-02 06:58:22,263
27383158,2025-04-07 06:33:54,263
27388996,2025-04-08 06:39:04,263
27329447,2025-04-03 06:21:36,263
27397604,2025-04-09 06:24:52,263
32996450,2026-04-07 05:32:31,263
32996449,2026-04-07 05:46:32,263
32996448,2026-04-07 06:00:32,263
31074472,2026-04-08 05:36:10,263
32996447,2026-04-08 05:50:10,263
31074457,2026-04-08 06:04:10,263
27305634,2025-03-31 07:53:19,263
27305639,2025-03-31 07:56:37,263
27305638,2025-03-31 08:01:32,263
27305654,2025-03-31 08:13:10,263
27314510,2025-03-31 20:02:54,263
27322480,2025-04-02 08:14:24,263
27329583,2025-04-03 08:02:50,263
27341282,2025-04-04 07:52:23,263
27381114,2025-04-06 10:22:19,263
27383379,2025-04-07 08:23:43,263
27389193,2025-04-08 08:40:20,263
27394033,2025-04-08 17:57:20,263
31018398,2026-04-01 18:23:12,263
31042329,2026-04-07 05:51:14,263
31042508,2026-04-07 07:01:13,263
31042506,2026-04-07 07:15:17,263
31042507,2026-04-07 07:29:20,263
19217115,2023-03-27 16:30:58,263
19223117,2023-03-30 06:36:04,263
19230303,2023-04-02 07:36:44,263
19230334,2023-04-02 08:05:58,263
19230335,2023-04-02 08:09:13,263
19243703,2023-04-04 06:59:51,263
19244955,2023-04-05 06:46:14,263
22454763,2024-04-02 06:35:27,263
22459898,2024-04-03 06:49:32,263
22466503,2024-04-05 06:54:52,263
22471046,2024-04-07 07:52:25,263
22497203,2024-04-08 06:26:50,263
22504708,2024-04-09 06:33:16,263
22506933,2024-04-10 06:52:45,263
27305518,2025-03-31 06:21:20,263
27305554,2025-03-31 06:41:10,263
27315883,2025-04-01 06:07:53,263
27315908,2025-04-01 06:22:46,263
27315999,2025-04-01 06:58:19,263
27322230,2025-04-02 06:10:54,263
27322246,2025-04-02 06:25:01,263
27341155,2025-04-04 06:42:17,263
27351118,2025-04-05 06:00:57,263
27351119,2025-04-05 06:14:57,263
27351117,2025-04-05 06:28:58,263
27389001,2025-04-08 06:41:34,263
27397678,2025-04-09 06:55:23,263
30871137,2026-03-29 07:57:39,263
30873484,2026-03-30 06:43:24,263
30880402,2026-03-31 06:38:27,263
30882958,2026-03-31 12:32:43,263
30890958,2026-04-01 06:20:43,263
30890989,2026-04-01 06:23:40,263
30890988,2026-04-01 06:37:40,263
30890990,2026-04-01 06:51:40,263
31038618,2026-04-04 07:12:06,263
31041410,2026-04-05 11:41:24,263
31040602,2026-04-05 16:10:12,263
31041416,2026-04-06 12:55:56,263
31041419,2026-04-06 13:02:42,263
31042371,2026-04-07 06:23:55,263
31050971,2026-04-08 05:39:04,263
31050970,2026-04-08 05:53:04,263
31050972,2026-04-08 06:07:04,263
31051006,2026-04-08 06:23:42,263
31051018,2026-04-08 06:33:19,263
27383271,2025-04-07 06:56:07,263
30880428,2026-03-31 07:07:15,263
30891035,2026-04-01 07:54:28,263
31037351,2026-04-03 07:20:28,263
31038624,2026-04-04 07:18:23,263
31038650,2026-04-04 07:34:11,263
31040038,2026-04-05 06:08:13,263
31042317,2026-04-07 05:31:17,263
31042412,2026-04-07 06:14:46,263
31042414,2026-04-07 06:28:47,263
31042413,2026-04-07 06:42:48,263
31042433,2026-04-07 06:55:26,263
31042442,2026-04-07 06:59:52,263
27305590,2025-03-31 06:46:23,263
27305591,2025-03-31 07:00:23,263
27305592,2025-03-31 07:14:24,263
27383284,2025-04-07 06:48:19,263
27383285,2025-04-07 07:02:19,263
27383286,2025-04-07 07:16:19,263
9812462,2021-04-01 07:34:00,263
19228848,2023-04-01 06:15:38,263
19219852,2023-03-29 06:54:36,263
19246755,2023-03-30 05:53:34,263
19243737,2023-04-04 06:52:56,263
19244938,2023-04-05 06:22:05,263
26221488,2024-10-27 07:45:57,265
26221489,2024-10-27 07:53:09,265
26221491,2024-10-27 08:02:16,265
26263637,2024-11-02 12:15:40,265
26263640,2024-11-02 12:23:31,265
27283793,2025-03-30 08:38:12,263
27283857,2025-03-30 08:44:01,263
27283936,2025-03-30 09:01:35,263
27283941,2025-03-30 09:06:29,263
27283959,2025-03-30 09:22:28,263
27380378,2025-03-30 09:39:57,263
30873490,2026-03-30 07:05:30,263
30880442,2026-03-31 07:35:11,263
30891029,2026-04-01 07:42:03,263
31022086,2026-04-02 08:04:08,263
31038687,2026-04-04 08:09:18,263
31041184,2026-04-06 07:52:57,263
31042468,2026-04-07 07:10:06,263
31051116,2026-04-08 07:26:52,263
31037845,2026-04-03 14:44:54,263
31041202,2026-04-06 06:55:07,263
31041201,2026-04-06 07:09:07,263
31041200,2026-04-06 07:23:08,263
27388995,2025-04-08 06:10:23,263
27388997,2025-04-08 06:10:23,263
27388999,2025-04-08 06:24:24,263
27389017,2025-04-08 06:25:42,263
27388998,2025-04-08 06:38:25,263
27397611,2025-04-09 06:22:32,263
30893170,2026-04-01 14:28:59,263
30893176,2026-04-01 14:32:24,263
31038670,2026-04-04 07:46:12,263
31039078,2026-04-04 10:35:45,263
31040120,2026-04-05 06:43:01,263
31041053,2026-04-06 07:05:34,263
31042443,2026-04-07 07:00:19,263
22435163,2024-03-31 07:41:14,263
27283988,2025-03-30 10:23:18,263
27305619,2025-03-31 07:20:10,263
27306238,2025-03-31 11:30:25,263
27315986,2025-04-01 06:45:55,263
27316010,2025-04-01 06:57:43,263
27321411,2025-04-01 17:43:21,263
27322339,2025-04-02 06:57:25,263
27349838,2025-04-04 18:48:56,263
27351135,2025-04-05 06:56:32,263
27351318,2025-04-05 09:08:40,263
27380831,2025-04-06 06:33:08,263
27380832,2025-04-06 06:47:08,263
27380834,2025-04-06 07:01:08,263
27380878,2025-04-06 07:52:26,263
27380973,2025-04-06 08:25:46,263
27381013,2025-04-06 08:54:39,263
27381029,2025-04-06 09:24:46,263
27383331,2025-04-07 07:45:03,263
27383362,2025-04-07 07:50:25,263
27389146,2025-04-08 08:10:45,263
27393895,2025-04-08 17:37:04,263
27397791,2025-04-09 07:59:19,263
30873592,2026-03-29 10:25:23,263
30873586,2026-03-30 08:03:07,263
30889285,2026-03-31 19:40:30,263
31021975,2026-04-02 06:17:31,263
31021981,2026-04-02 06:31:31,263
31021986,2026-04-02 06:45:31,263
31022008,2026-04-02 07:17:30,263
31037046,2026-04-02 07:39:19,263
31037047,2026-04-02 19:40:28,263
31160171,2026-04-03 06:18:40,263
31160177,2026-04-03 06:32:40,263
31160179,2026-04-03 06:46:40,263
31160184,2026-04-03 07:07:19,263
31038453,2026-04-03 09:07:48,263
31038452,2026-04-03 19:18:56,263
31039051,2026-04-04 07:49:55,263
31160168,2026-04-05 06:02:16,263
31160162,2026-04-05 06:16:16,263
31160160,2026-04-05 06:30:16,263
31040156,2026-04-05 06:42:03,263
31041223,2026-04-06 08:28:26,263
31041307,2026-04-06 09:04:24,263
31042527,2026-04-07 07:24:54,263
31051234,2026-04-08 07:28:36,263
19210540,2023-03-26 06:49:13,263
19212041,2023-03-27 07:33:13,263
19217371,2023-03-28 06:36:23,263
19219842,2023-03-29 06:27:20,263
19223110,2023-03-30 06:20:06,263
19226769,2023-03-31 07:15:22,263
19230296,2023-04-02 06:42:18,263
19231570,2023-04-03 06:45:53,263
19243699,2023-04-04 06:39:20,263
19244959,2023-04-05 07:24:57,263
22011264,2023-11-04 06:19:39,265
22040364,2023-11-08 06:36:21,265
27283967,2025-03-30 08:43:00,263
27380758,2025-04-06 06:26:18,263
27388936,2025-04-08 06:15:55,263
31040133,2026-04-05 07:00:46,263
31042352,2026-04-07 06:10:30,263
31050979,2026-04-08 06:09:18,263
15496803,2022-03-30 06:07:17,263
15519127,2022-04-01 06:38:58,263
19210739,2023-03-26 11:11:01,263
19223126,2023-03-30 07:05:53,263
27329423,2025-04-03 06:28:44,263
30888979,2026-03-31 15:13:39,263
30889163,2026-03-31 15:14:31,263
30888969,2026-03-31 15:17:08,263
30889162,2026-03-31 15:17:56,263
30888970,2026-03-31 15:20:07,263
30889142,2026-03-31 15:20:59,263
30888968,2026-03-31 15:23:29,263
30889141,2026-03-31 15:23:57,263
30888428,2026-03-31 15:26:52,263
30889140,2026-03-31 15:27:17,263
30888435,2026-03-31 15:30:08,263
30889139,2026-03-31 15:30:34,263
30889138,2026-03-31 15:33:24,263
30888967,2026-03-31 15:34:03,263
31022077,2026-04-02 07:47:54,263
31037418,2026-04-03 08:08:41,263
31039052,2026-04-04 09:00:27,263
31040182,2026-04-05 07:22:38,263
31041076,2026-04-06 07:15:34,263
31041762,2026-04-06 14:23:19,263
31041759,2026-04-06 14:32:19,263
31041752,2026-04-06 14:46:56,263
31041742,2026-04-06 14:56:53,263
31042535,2026-04-07 08:07:25,263
31045614,2026-04-07 14:28:07,263
31051085,2026-04-07 18:26:40,263
31049718,2026-04-07 20:39:37,263
31051084,2026-04-08 06:58:46,263
31051860,2026-04-08 08:45:28,263
31053243,2026-04-08 08:37:20,263
31053242,2026-04-08 08:51:20,263
31053241,2026-04-08 09:05:20,263
22459896,2024-04-03 06:33:06,263
22459932,2024-04-03 08:21:44,263
22461723,2024-04-04 06:20:26,263
22466510,2024-04-05 07:02:25,263
22466518,2024-04-05 07:17:32,263
22466519,2024-04-05 07:23:42,263
22470919,2024-04-07 06:02:36,263
22471082,2024-04-07 09:24:46,263
22471087,2024-04-07 09:34:10,263
22471345,2024-04-07 11:30:01,263
22497237,2024-04-08 07:05:09,263
22497281,2024-04-08 07:57:46,263
22497681,2024-04-08 08:49:14,263
22497682,2024-04-08 08:51:52,263
22501547,2024-04-08 17:09:25,263
22501555,2024-04-08 17:14:25,263
22504642,2024-04-09 05:19:27,263
22504702,2024-04-09 06:12:26,263
22504759,2024-04-09 08:43:29,263
22504760,2024-04-09 08:46:25,263
22506908,2024-04-10 05:56:54,263
22506918,2024-04-10 06:19:31,263
27315894,2025-04-01 06:13:30,263
27315911,2025-04-01 06:18:31,263
27315995,2025-04-01 06:53:35,263
27316037,2025-04-01 07:13:07,263
27316056,2025-04-01 07:21:10,263
27341146,2025-04-04 06:34:56,263
27341154,2025-04-04 06:41:55,263
27341225,2025-04-04 07:05:01,263
27380789,2025-04-06 06:40:52,263
27389111,2025-04-08 07:28:02,263
27397727,2025-04-09 07:15:08,263
30890963,2026-04-01 06:25:12,263
30892913,2026-04-01 13:38:23,263
31038573,2026-04-04 06:23:34,263
31040718,2026-04-05 18:47:43,263
31040751,2026-04-05 19:35:52,263
31040754,2026-04-05 19:38:03,263
31041249,2026-04-06 09:19:48,263
31041694,2026-04-06 14:29:52,263
31042321,2026-04-07 05:39:29,263
31050977,2026-04-08 06:08:15,263
31050984,2026-04-08 06:11:45,263
31051022,2026-04-08 06:34:59,263
31051035,2026-04-08 06:40:28,263
31051049,2026-04-08 06:46:27,263
31051117,2026-04-08 07:29:56,263
19210545,2023-03-26 07:00:16,263
19212043,2023-03-27 06:18:22,263
19217372,2023-03-28 06:44:25,263
19219846,2023-03-29 06:20:52,263
19223116,2023-03-30 06:22:30,263
22435141,2024-03-31 06:26:33,263
22435139,2024-03-31 06:40:33,263
22435140,2024-03-31 06:54:33,263
22451884,2024-04-01 06:23:34,263
22451885,2024-04-01 06:37:34,263
22451886,2024-04-01 06:51:35,263
22469741,2024-04-06 06:05:18,263
22469739,2024-04-06 06:19:18,263
22469740,2024-04-06 06:33:18,263
22470926,2024-04-07 06:05:16,263
22470927,2024-04-07 06:19:18,263
22470928,2024-04-07 06:33:18,263
27305586,2025-03-31 06:25:43,263
27305588,2025-03-31 06:39:43,263
27305587,2025-03-31 06:53:43,263
27305582,2025-03-31 07:05:04,263
27316015,2025-04-01 06:34:29,263
27316017,2025-04-01 06:48:30,263
27316016,2025-04-01 07:02:30,263
27351029,2025-04-05 05:52:59,263
27351097,2025-04-05 05:52:59,263
27351198,2025-04-05 06:03:46,263
27351028,2025-04-05 06:06:59,263
27351051,2025-04-05 06:06:59,263
27351199,2025-04-05 06:17:46,263
27351200,2025-04-05 06:31:46,263
27380735,2025-04-06 05:51:49,263
27380756,2025-04-06 05:57:00,263
27380754,2025-04-06 06:11:00,263
27380755,2025-04-06 06:25:00,263
27380761,2025-04-06 06:28:34,263
27383076,2025-04-07 06:05:41,263
30006482,2025-10-26 06:10:38,265
30007293,2025-10-27 06:00:16,265
30007294,2025-10-27 06:00:16,265
30007297,2025-10-27 06:00:16,265
30007295,2025-10-27 06:14:16,265
30007292,2025-10-27 06:14:16,265
30007296,2025-10-27 06:28:16,265
30027044,2025-10-28 07:03:58,265
30027043,2025-10-28 07:17:58,265
30027045,2025-10-28 07:31:58,265
30036421,2025-10-30 05:49:32,265
30048283,2025-10-31 06:20:03,265
30048281,2025-10-31 06:34:03,265
30048282,2025-10-31 06:48:03,265
30053256,2025-11-01 07:19:29,265
30053259,2025-11-01 07:24:34,265
30055230,2025-11-03 06:37:04,265
30055229,2025-11-03 06:51:04,265
30055228,2025-11-03 07:05:04,265
30060137,2025-11-04 05:52:33,265
30066384,2025-11-05 06:26:39,265
30066386,2025-11-05 06:40:39,265
30066385,2025-11-05 06:54:39,265
30871097,2026-03-29 06:21:46,263
30871099,2026-03-29 06:29:54,263
30871100,2026-03-29 06:33:19,263
30871101,2026-03-29 06:37:17,263
30871104,2026-03-29 06:41:47,263
30871109,2026-03-29 06:45:52,263
30871114,2026-03-29 06:50:45,263
30891045,2026-04-01 07:27:09,263
30891047,2026-04-01 07:41:09,263
30891046,2026-04-01 07:55:09,263
31037266,2026-04-03 06:02:45,263
31037270,2026-04-03 06:11:34,263
31037284,2026-04-03 06:27:23,263
31037287,2026-04-03 06:30:09,263
31038363,2026-04-03 16:56:44,263
31038546,2026-04-04 06:05:26,263
31038548,2026-04-04 06:08:57,263
31038554,2026-04-04 06:12:48,263
31038553,2026-04-04 06:15:31,263
31038558,2026-04-04 06:19:59,263
31038560,2026-04-04 06:24:12,263
31038563,2026-04-04 06:28:04,263
31038567,2026-04-04 06:31:59,263
31038569,2026-04-04 06:35:18,263
31041104,2026-04-04 20:07:52,263
31040025,2026-04-05 05:53:45,263
31040028,2026-04-05 05:59:53,263
31040032,2026-04-05 06:04:13,263
31040039,2026-04-05 06:08:24,263
31040048,2026-04-05 06:12:08,263
31040078,2026-04-05 06:16:13,263
31040087,2026-04-05 06:19:39,263
31040096,2026-04-05 06:24:35,263
31040100,2026-04-05 06:28:30,263
31040105,2026-04-05 06:32:28,263
31040130,2026-04-05 06:50:11,263
31040921,2026-04-06 05:34:15,263
31040941,2026-04-06 05:45:54,263
31040950,2026-04-06 05:58:53,263
31040955,2026-04-06 06:02:24,263
31040957,2026-04-06 06:05:42,263
31040960,2026-04-06 06:09:21,263
31040970,2026-04-06 06:14:42,263
31040971,2026-04-06 06:18:21,263
31040973,2026-04-06 06:22:18,263
31040986,2026-04-06 06:25:53,263
31040989,2026-04-06 06:32:00,263
31040995,2026-04-06 06:35:45,263
31041008,2026-04-06 06:39:52,263
31041018,2026-04-06 06:43:15,263
31041029,2026-04-06 06:47:53,263
31041045,2026-04-06 06:51:39,263
31041041,2026-04-06 06:54:49,263
31041110,2026-04-06 06:58:35,263
31041111,2026-04-06 07:12:39,263
31041112,2026-04-06 07:26:40,263
31041243,2026-04-06 09:11:27,263
15489819,2022-03-29 06:14:19,263
19231578,2023-04-03 06:55:49,263
19231576,2023-04-03 07:09:49,263
19231577,2023-04-03 07:23:49,263
27380865,2025-04-06 07:38:14,263
31037254,2026-04-03 05:40:49,263
15556639,2022-04-06 06:11:28,263
19212033,2023-03-27 06:02:48,263
19212035,2023-03-27 06:16:49,263
19212034,2023-03-27 06:30:50,263
19217364,2023-03-28 06:14:12,263
22522142,2024-04-08 06:18:11,263
27305527,2025-03-31 06:26:58,263
27322248,2025-04-02 06:23:37,263
27329380,2025-04-03 06:09:38,263
27383123,2025-04-07 06:22:08,263
27389109,2025-04-08 07:26:04,263
27389128,2025-04-08 07:46:50,263
27397625,2025-04-09 06:26:00,263
27397738,2025-04-09 07:02:07,263
30873568,2026-03-30 07:31:54,263
30880436,2026-03-31 07:29:52,263
30880455,2026-03-31 07:33:06,263
30880453,2026-03-31 07:47:06,263
30880454,2026-03-31 08:01:06,263
30891041,2026-04-01 07:25:32,263
30891040,2026-04-01 07:39:32,263
30891042,2026-04-01 07:53:32,263
31021962,2026-04-02 06:52:53,263
31021982,2026-04-02 07:03:34,263
31037338,2026-04-03 06:32:03,263
31037337,2026-04-03 06:46:03,263
31037336,2026-04-03 07:00:03,263
31037382,2026-04-03 07:39:44,263
31039067,2026-04-04 06:22:50,263
31039069,2026-04-04 07:51:54,263
31039068,2026-04-04 08:05:54,263
31040990,2026-04-06 06:10:04,263
31040993,2026-04-06 06:35:38,263
31041088,2026-04-06 07:19:43,263
31051133,2026-04-08 07:32:37,263
22454762,2024-04-02 06:03:32,263
22454761,2024-04-02 06:17:32,263
22454760,2024-04-02 06:31:33,263
27316078,2025-04-01 07:14:49,263
27316079,2025-04-01 07:30:20,263
27316080,2025-04-01 07:44:21,263
27322294,2025-04-02 06:39:39,263
27341100,2025-04-04 05:47:04,263
27341101,2025-04-04 06:01:04,263
27341099,2025-04-04 06:15:04,263
27351025,2025-04-05 05:56:47,263
27351026,2025-04-05 06:10:48,263
27351027,2025-04-05 06:24:48,263
27380731,2025-04-06 05:46:15,263
27388969,2025-04-08 06:31:06,263
27389064,2025-04-08 07:04:35,263
27397594,2025-04-09 06:15:48,263
27397755,2025-04-09 07:33:03,263
31022117,2026-04-02 08:34:58,263
31038632,2026-04-04 06:52:41,263
31038631,2026-04-04 07:07:27,263
31038630,2026-04-04 07:21:31,263
31040113,2026-04-05 06:11:29,263
31040112,2026-04-05 06:25:33,263
31040114,2026-04-05 06:39:36,263
31041102,2026-04-06 07:00:15,263
31041101,2026-04-06 07:14:19,263
31041100,2026-04-06 07:28:23,263
31042478,2026-04-07 07:14:28,263
31050946,2026-04-08 05:09:04,263
31050945,2026-04-08 05:23:08,263
31050942,2026-04-08 05:37:11,263
27322402,2025-04-02 07:43:22,263
15556638,2022-04-06 06:08:45,263
22454827,2024-04-02 07:59:54,263
22497207,2024-04-08 06:32:19,263
22504723,2024-04-09 06:41:37,263
22506932,2024-04-10 06:52:17,263
27305589,2025-03-31 07:08:54,263
27380850,2025-04-06 07:38:07,263
27388891,2025-04-08 05:39:19,263
27397794,2025-04-09 08:05:00,263
30874103,2026-03-30 08:54:20,263
30890985,2026-04-01 06:52:14,263
31022084,2026-04-02 07:57:40,263
31037397,2026-04-03 07:46:20,263
31041208,2026-04-06 08:13:23,263
31042479,2026-04-07 07:16:49,263
31051038,2026-04-08 06:44:07,263
27351142,2025-04-05 07:06:14,263
27389222,2025-04-08 06:53:48,263
27389223,2025-04-08 07:29:03,263
27389224,2025-04-08 07:43:03,263
30872606,2026-03-29 15:13:45,263
30872607,2026-03-29 15:17:11,263
30872609,2026-03-29 15:25:23,263
31040600,2026-04-05 15:01:17,263
19217373,2023-03-28 06:55:19,263
19217381,2023-03-28 07:59:52,263
19219866,2023-03-29 07:35:18,263
19231571,2023-04-03 06:51:12,263
19243701,2023-04-04 06:43:19,263
19244957,2023-04-05 06:54:09,263
22504743,2024-04-09 06:38:21,263
22504745,2024-04-09 06:52:22,263
22504744,2024-04-09 07:06:23,263
22506928,2024-04-10 06:12:34,263
22506927,2024-04-10 06:26:36,263
22506929,2024-04-10 06:40:37,263
27388971,2025-04-07 06:06:28,263
27383121,2025-04-07 06:14:23,263
27388945,2025-04-08 06:19:11,263
27388970,2025-04-08 06:23:27,263
27388968,2025-04-08 06:32:06,263
27397559,2025-04-09 05:56:45,263
27397581,2025-04-09 06:11:29,263
27397657,2025-04-09 06:15:37,263
27397597,2025-04-09 06:23:12,263
27397615,2025-04-09 06:24:52,263
27397656,2025-04-09 06:29:37,263
31037720,2026-04-03 06:27:49,263
31037721,2026-04-03 06:41:50,263
31037723,2026-04-03 06:55:51,263
31039435,2026-04-04 09:05:18,263
31039436,2026-04-04 09:19:19,263
31039437,2026-04-04 09:33:20,263
27397655,2025-04-09 06:43:37,263
22451874,2024-04-01 05:55:57,263
22454747,2024-04-02 05:49:52,263
22461821,2024-04-04 06:43:12,263
22497167,2024-04-08 05:59:37,263
22504645,2024-04-09 05:37:26,263
22506919,2024-04-10 06:26:47,263
27322269,2025-04-02 06:28:54,263
27329384,2025-04-03 06:03:29,263
27329399,2025-04-03 06:18:19,263
27338924,2025-04-03 17:53:00,263
27338921,2025-04-03 18:03:16,263
27577415,2025-04-05 04:49:06,263
27489366,2025-04-08 06:04:43,263
30032592,2025-10-29 06:23:06,265
30873480,2026-03-30 06:34:28,263
30874022,2026-03-30 08:31:32,263
30878119,2026-03-30 18:10:27,263
30880398,2026-03-31 06:31:33,263
31021940,2026-04-02 06:37:52,263
31022096,2026-04-02 08:02:13,263
31042461,2026-04-03 07:33:06,263
31038473,2026-04-03 20:30:33,263
31042459,2026-04-05 18:56:33,263
31042452,2026-04-07 06:49:12,263
31042463,2026-04-07 06:52:13,263
31042821,2026-04-07 09:03:48,263
31051191,2026-04-08 06:49:39,263
31051194,2026-04-08 07:03:39,263
31051193,2026-04-08 07:17:39,263
27341252,2025-04-04 07:36:40,263
31021985,2026-04-02 06:33:57,263
31021984,2026-04-02 06:47:58,263
31021983,2026-04-02 07:01:59,263
31051020,2026-04-08 05:32:33,263
31051019,2026-04-08 05:46:34,263
31051021,2026-04-08 06:00:35,263
9812457,2021-04-07 08:13:00,263
27307007,2025-03-31 12:56:10,263
27331240,2025-04-03 13:01:32,263
30872346,2026-03-29 08:12:02,263
30872436,2026-03-29 13:46:45,263
30881871,2026-03-31 11:27:05,263
30891002,2026-04-01 07:03:00,263
31021968,2026-04-02 07:01:38,263
31037873,2026-04-03 15:02:00,263
31038456,2026-04-03 19:40:02,263
31040601,2026-04-05 15:58:30,263
31041046,2026-04-06 06:59:13,263
31120663,2026-04-07 07:28:58,263
15480885,2022-03-27 06:59:10,263
15485807,2022-03-28 06:19:03,263
15489821,2022-03-29 06:19:26,263
15511039,2022-03-31 06:19:13,263
15522415,2022-04-01 06:14:32,263
15522414,2022-04-02 06:42:25,263
15525767,2022-04-03 07:38:09,263
15550387,2022-04-04 05:55:13,263
15556637,2022-04-06 06:03:44,263
19210553,2023-03-26 07:30:02,263
19210554,2023-03-26 07:44:03,263
19210552,2023-03-26 07:58:05,263
19226711,2023-03-31 03:02:14,263
19228918,2023-04-01 07:44:31,263
19228917,2023-04-01 07:58:32,263
19228916,2023-04-01 08:12:33,263
19230254,2023-04-02 06:00:15,263
22435158,2024-03-31 07:09:26,263
22454759,2024-04-02 06:32:22,263
22459842,2024-04-03 06:06:30,263
22459927,2024-04-03 07:44:13,263
22461841,2024-04-04 07:11:11,263
22466490,2024-04-05 06:05:08,263
22466579,2024-04-05 07:54:50,263
22469852,2024-04-06 07:04:47,263
22471017,2024-04-07 06:45:57,263
22471015,2024-04-07 06:59:58,263
22471016,2024-04-07 07:13:59,263
22497168,2024-04-08 05:51:27,263
22497268,2024-04-08 07:45:16,263
22504750,2024-04-09 07:03:50,263
22506909,2024-04-10 05:59:34,263
27305549,2025-03-31 06:39:35,263
27315946,2025-04-01 06:35:08,263
27322270,2025-04-02 06:33:30,263
27322313,2025-04-02 06:49:24,263
27329367,2025-04-03 06:01:26,263
27329371,2025-04-03 06:05:44,263
27329386,2025-04-03 06:15:19,263
27351277,2025-04-03 06:29:17,263
27341056,2025-04-04 05:57:59,263
27341130,2025-04-04 06:32:23,263
27351161,2025-04-05 07:12:02,263
27351168,2025-04-05 07:18:14,263
27351638,2025-04-05 16:18:22,263
27381575,2025-04-06 06:04:40,263
27380843,2025-04-06 07:25:58,263
27383117,2025-04-07 06:18:57,263
27388905,2025-04-08 05:57:23,263
27388974,2025-04-08 06:32:29,263
27397549,2025-04-09 05:46:36,263
27397555,2025-04-09 05:53:13,263
27397562,2025-04-09 05:59:48,263
27397584,2025-04-09 06:14:28,263
27397731,2025-04-09 06:43:22,263
27397679,2025-04-09 06:52:45,263
27397730,2025-04-09 06:57:22,263
27397729,2025-04-09 07:11:22,263
27407033,2025-04-09 19:05:28,263
27407172,2025-04-09 19:20:29,263
27407365,2025-04-09 19:24:44,263
30871125,2026-03-29 07:19:42,263
30886519,2026-03-31 13:33:19,263
30890954,2026-04-01 06:12:55,263
30890973,2026-04-01 06:34:12,263
31022019,2026-04-02 06:54:29,263
31022021,2026-04-02 07:08:33,263
31022020,2026-04-02 07:22:36,263
31037258,2026-04-03 05:18:59,263
31037257,2026-04-03 05:33:03,263
31037259,2026-04-03 05:47:07,263
31037260,2026-04-03 05:49:27,263
31037282,2026-04-03 05:53:15,263
31037262,2026-04-03 05:53:52,263
31037281,2026-04-03 06:07:19,263
31037283,2026-04-03 06:21:22,263
31037308,2026-04-03 06:44:03,263
31037542,2026-04-03 06:53:33,263
31037541,2026-04-03 06:57:46,263
31037540,2026-04-03 07:00:48,263
31038629,2026-04-04 07:18:48,263
31039045,2026-04-04 08:49:38,263
31039686,2026-04-04 19:18:10,263
31039684,2026-04-04 19:32:12,263
31039685,2026-04-04 19:46:13,263
31040187,2026-04-05 06:49:29,263
31040189,2026-04-05 06:53:12,263
31040193,2026-04-05 06:58:15,263
31041187,2026-04-05 07:56:46,263
31040272,2026-04-05 09:35:03,263
31041186,2026-04-06 07:28:11,263
31042373,2026-04-07 06:21:50,263
31045019,2026-04-07 13:40:49,263
31045616,2026-04-07 14:03:59,263
31051289,2026-04-07 16:09:01,263
31050998,2026-04-08 05:51:38,263
31051106,2026-04-08 06:44:36,263
31051105,2026-04-08 06:58:36,263
31051104,2026-04-08 07:12:36,263
31051335,2026-04-08 08:45:54,263
31062912,2026-04-08 17:36:17,263
30872728,2026-03-29 17:56:09,263
31058060,2026-03-31 17:27:54,263
31057936,2026-04-06 17:17:25,263
31064703,2026-04-08 18:57:19,263
26275157,2024-11-06 07:07:53,265
27283671,2025-03-30 07:57:36,263
27388434,2025-04-05 07:35:43,263
31037701,2026-04-03 12:19:06,263
31037706,2026-04-03 12:31:23,263
31037708,2026-04-03 12:34:33,263
15525700,2022-04-03 06:36:08,263
27397586,2025-04-09 06:09:46,263
19226755,2023-03-31 06:14:40,263
22435160,2024-03-31 07:09:58,263
22460054,2024-04-03 06:30:11,263
22466586,2024-04-05 06:32:37,263
22466587,2024-04-05 06:46:38,263
22466588,2024-04-05 07:00:38,263
22466589,2024-04-05 08:10:57,263
22469854,2024-04-06 06:48:22,263
22469855,2024-04-06 07:02:23,263
22469853,2024-04-06 07:16:23,263
22470915,2024-04-07 05:56:40,263
22497683,2024-04-08 08:56:36,263
22504752,2024-04-09 06:22:15,263
27283580,2025-03-30 05:44:54,263
27283635,2025-03-30 07:19:47,263
27305517,2025-03-31 06:13:35,263
27321706,2025-04-01 06:36:29,263
27315968,2025-04-01 06:36:33,263
27321708,2025-04-01 06:50:29,263
27321707,2025-04-01 07:04:29,263
27322311,2025-04-02 06:14:56,263
27322340,2025-04-02 06:56:57,263
27329387,2025-04-03 06:16:42,263
27338717,2025-04-03 19:05:43,263
27341050,2025-04-04 06:02:06,263
27350990,2025-04-05 05:59:32,263
27350992,2025-04-05 06:05:01,263
27380741,2025-04-06 06:06:27,263
27380743,2025-04-06 06:09:14,263
27380745,2025-04-06 06:11:38,263
27384224,2025-04-07 11:13:12,263
27396856,2025-04-08 05:50:29,263
27389250,2025-04-08 09:08:26,263
27397818,2025-04-09 08:28:32,263
30989874,2026-04-01 16:25:00,263
31022099,2026-04-02 07:33:58,263
31022100,2026-04-02 07:47:58,263
31022098,2026-04-02 08:01:58,263
31040013,2026-04-05 05:13:16,263
31040017,2026-04-05 05:28:20,263
31040042,2026-04-05 05:41:04,263
31040041,2026-04-05 05:55:05,263
31040043,2026-04-05 06:09:06,263
31040952,2026-04-06 06:01:09,263
31042338,2026-04-07 05:59:27,263
31065539,2026-04-07 10:31:53,263
31065525,2026-04-07 11:11:10,263
31065523,2026-04-07 11:31:42,263
31065522,2026-04-07 11:49:11,263
31065517,2026-04-07 13:05:39,263
31065516,2026-04-07 13:36:37,263
31050963,2026-04-08 06:00:41,263
31050993,2026-04-08 06:17:06,263
31051062,2026-04-08 06:55:19,263
31061964,2026-04-08 16:11:51,263
18806721,2022-11-05 13:00:42,265
19217368,2023-03-28 06:26:01,263
19223127,2023-03-30 06:35:56,263
19223128,2023-03-30 07:11:52,263
19230395,2023-04-02 10:00:12,263
19231552,2023-04-03 05:58:21,263
19243680,2023-04-04 05:57:03,263
19244631,2023-04-04 06:13:01,263
19244629,2023-04-04 06:27:02,263
19244628,2023-04-04 06:41:02,263
19243740,2023-04-04 07:41:28,263
19244932,2023-04-05 06:11:19,263
22454758,2024-04-02 06:31:02,263
22459847,2024-04-03 06:18:48,263
22461715,2024-04-04 06:03:16,263
22461894,2024-04-04 08:10:00,263
22466497,2024-04-05 06:31:17,263
22469848,2024-04-06 07:04:42,263
22470922,2024-04-07 06:08:13,263
22470925,2024-04-07 06:20:47,263
22497096,2024-04-08 05:28:10,263
22497215,2024-04-08 06:37:08,263
22504701,2024-04-09 06:08:09,263
22506799,2024-04-10 05:27:23,263
27283786,2025-03-30 08:30:57,263
27315979,2025-04-01 06:44:35,263
27316654,2025-04-01 10:22:59,263
27316688,2025-04-01 10:35:24,263
27322286,2025-04-02 06:33:51,263
27329364,2025-04-03 05:59:15,263
27341042,2025-04-04 05:49:17,263
27341092,2025-04-04 06:13:50,263
27351169,2025-04-05 07:16:34,263
27380877,2025-04-06 07:51:10,263
27383154,2025-04-07 06:34:26,263
27388900,2025-04-08 05:57:44,263
27388966,2025-04-08 06:30:18,263
27397553,2025-04-09 05:50:58,263
30871144,2026-03-29 08:12:10,263
30890953,2026-04-01 06:12:41,263
31021880,2026-04-02 05:22:05,263
31037355,2026-04-03 07:27:20,263
31038622,2026-04-04 07:14:09,263
31039522,2026-04-04 13:29:16,263
31039527,2026-04-04 13:47:56,263
31040116,2026-04-05 06:40:45,263
31040132,2026-04-05 06:56:40,263
31040155,2026-04-05 07:19:41,263
31041059,2026-04-06 07:07:33,263
31041261,2026-04-06 09:34:09,263
31042318,2026-04-07 05:32:22,263
31042325,2026-04-07 05:44:12,263
31042396,2026-04-07 06:37:52,263
31042404,2026-04-07 06:40:58,263
31042530,2026-04-07 08:00:26,263
31049282,2026-04-07 19:35:33,263
31050916,2026-04-08 05:33:40,263
31051230,2026-04-08 08:19:57,263
31039046,2026-04-04 07:43:07,263
31039674,2026-04-04 17:20:11,263
31039675,2026-04-04 17:27:05,263
31039676,2026-04-04 17:36:31,263
31039683,2026-04-04 17:41:10,263
31039687,2026-04-04 18:19:34,263
31040545,2026-04-04 18:26:17,263
31065035,2026-04-04 18:34:00,263
31039673,2026-04-04 18:47:03,263
31040546,2026-04-05 07:33:36,263
31065038,2026-04-05 07:45:50,263
31040547,2026-04-05 08:31:18,263
31040548,2026-04-05 08:48:52,263
31040549,2026-04-05 09:14:19,263
31040565,2026-04-05 09:22:42,263
31040550,2026-04-05 09:44:26,263
31040281,2026-04-05 09:57:09,263
31040283,2026-04-05 10:00:53,263
31040567,2026-04-05 10:05:50,263
31040551,2026-04-05 11:01:32,263
31065034,2026-04-05 19:19:55,263
31042262,2026-04-06 18:28:30,263
31042263,2026-04-06 18:33:26,263
31042261,2026-04-06 18:37:23,263
31065025,2026-04-07 07:46:58,263
31043010,2026-04-07 08:29:52,263
31043013,2026-04-07 08:32:59,263
31043018,2026-04-07 09:15:21,263
31043019,2026-04-07 09:19:02,263
31043023,2026-04-07 09:23:21,263
31043092,2026-04-07 09:28:14,263
31021925,2026-04-02 06:29:25,263
31041269,2026-04-06 09:49:48,263
31041277,2026-04-06 09:55:01,263
27351186,2025-04-05 07:00:00,263
31039043,2026-04-04 08:49:40,263
31040254,2026-04-05 08:57:39,263
15485803,2022-03-28 06:01:52,263
15553621,2022-04-05 06:06:57,263
22435675,2024-03-31 09:53:26,263
22435674,2024-03-31 10:07:27,263
22435676,2024-03-31 10:21:28,263
27512208,2025-04-04 05:59:34,263
30048296,2025-10-31 06:46:54,265
30048298,2025-10-31 07:00:54,265
30048297,2025-10-31 07:14:54,265
30871123,2026-03-29 07:25:28,263
30872372,2026-03-29 09:48:43,263
31051033,2026-04-08 06:10:29,263
31050996,2026-04-08 06:18:45,263
31051029,2026-04-08 06:34:58,263
31051101,2026-04-08 07:16:21,263
31051128,2026-04-08 07:33:55,263
31051201,2026-04-08 07:47:38,263
31051872,2026-04-08 08:08:20,263
31051871,2026-04-08 08:19:44,263
31051870,2026-04-08 08:43:54,263
31051867,2026-04-08 08:53:12,263
31051866,2026-04-08 09:04:22,263
31051877,2026-04-08 09:21:01,263
31052181,2026-04-08 10:06:02,263
27322521,2025-04-02 08:10:19,263
27322522,2025-04-02 08:24:20,263
27322523,2025-04-02 08:38:21,263
30007316,2025-10-27 07:45:28,265
30007317,2025-10-27 07:59:29,265
30007318,2025-10-27 08:13:30,265
30053264,2025-11-01 07:17:15,265
30053262,2025-11-01 07:31:47,265
30053263,2025-11-01 07:46:27,265
18797888,2022-10-30 17:37:08,265
22497233,2024-04-08 06:59:09,263
22504717,2024-04-09 06:37:38,263
31022101,2026-04-02 08:23:07,263
31041055,2026-04-06 07:08:44,263
31041062,2026-04-06 07:11:51,263
31041069,2026-04-06 07:14:36,263
31042345,2026-04-07 06:04:56,263
31042349,2026-04-07 06:09:32,263
22469858,2024-04-06 07:24:53,263
31040552,2026-04-05 12:47:19,263
31040604,2026-04-05 16:13:55,263
22452012,2024-04-01 07:05:13,263
22452013,2024-04-01 07:17:22,263
15522395,2022-04-02 06:12:40,263
15522398,2022-04-02 06:16:28,263
19210536,2023-03-26 06:31:53,263
22459901,2024-04-03 06:48:39,263
22466485,2024-04-05 05:46:02,263
27403255,2025-04-07 15:00:00,263
15485815,2022-03-28 07:10:18,263
15489814,2022-03-29 05:59:15,263
15519129,2022-04-01 06:58:41,263
15556652,2022-04-06 06:52:13,263
27388902,2025-04-08 05:25:37,263
27388904,2025-04-08 05:39:37,263
27388903,2025-04-08 05:53:37,263
27388964,2025-04-08 06:02:36,263
27388963,2025-04-08 06:16:36,263
27388965,2025-04-08 06:30:37,263
27397713,2025-04-09 06:15:39,263
27397712,2025-04-09 06:29:39,263
27397711,2025-04-09 06:43:39,263
31037333,2026-04-03 06:37:13,263
31037335,2026-04-03 06:51:30,263
31037334,2026-04-03 07:05:46,263
31038681,2026-04-04 07:31:50,263
31038682,2026-04-04 07:45:51,263
31038683,2026-04-04 07:59:52,263
31040173,2026-04-05 06:28:46,263
31040172,2026-04-05 06:42:47,263
31040171,2026-04-05 06:56:48,263
31041051,2026-04-06 06:59:51,263
27341044,2025-04-04 05:49:22,263
30872738,2026-03-29 08:55:17,263
30872739,2026-03-29 08:57:34,263
30872740,2026-03-29 08:59:35,263
30880384,2026-03-31 06:14:11,263
31023961,2026-04-02 13:48:29,263
31039037,2026-04-04 08:39:44,263
31039055,2026-04-04 09:12:04,263
31040584,2026-04-05 07:45:03,263
31040585,2026-04-05 10:41:20,263
31040586,2026-04-05 10:42:53,263
31040587,2026-04-05 10:46:04,263
31040588,2026-04-05 10:47:41,263
31040589,2026-04-05 10:49:26,263
31041295,2026-04-06 09:48:33,263
31041306,2026-04-06 09:53:48,263
31041305,2026-04-06 10:15:45,263
31041308,2026-04-06 10:45:14,263
31041329,2026-04-06 11:17:07,263
31041330,2026-04-06 11:18:39,263
31041332,2026-04-06 11:20:16,263
31041331,2026-04-06 11:21:49,263
31042334,2026-04-07 05:53:30,263
31054111,2026-04-08 11:00:39,263
31063350,2026-04-08 17:53:31,263
31063349,2026-04-08 17:55:21,263
31063438,2026-04-08 18:09:26,263
31063436,2026-04-08 18:11:08,263
22504703,2024-04-09 06:04:03,263
22506917,2024-04-10 06:09:32,263
27305581,2025-03-31 06:50:42,263
27315895,2025-04-01 06:02:33,263
27322234,2025-04-02 06:02:31,263
27329403,2025-04-03 06:11:04,263
27341106,2025-04-04 06:08:39,263
27380742,2025-04-06 06:05:27,263
27383118,2025-04-07 06:08:29,263
27383236,2025-04-07 06:55:58,263
27388949,2025-04-08 06:10:08,263
27397592,2025-04-09 06:08:14,263
31038585,2026-04-04 06:28:32,263
31050959,2026-04-08 05:53:56,263
27322224,2025-04-02 06:00:45,263
27388957,2025-04-08 06:20:48,263
31037316,2026-04-03 06:47:35,263
22466486,2024-04-05 05:59:22,263
22466487,2024-04-05 06:02:18,263
22504694,2024-04-09 05:52:37,263
27383263,2025-04-07 07:04:43,263
19211889,2023-03-26 20:49:55,263
19212049,2023-03-27 07:32:39,263
19212051,2023-03-27 07:46:40,263
19212050,2023-03-27 08:00:42,263
22454754,2024-04-02 06:23:12,263
22459851,2024-04-03 06:32:27,263
22461731,2024-04-04 06:31:17,263
22466514,2024-04-05 07:06:44,263
22469857,2024-04-06 07:18:57,263
22497216,2024-04-08 06:39:37,263
22504709,2024-04-09 06:33:15,263
22506921,2024-04-10 06:28:48,263
27388938,2025-04-08 06:15:33,263
31021994,2026-04-02 07:14:58,263
31022028,2026-04-02 07:32:08,263
31037298,2026-04-03 06:38:09,263
31037319,2026-04-03 06:58:01,263
31038260,2026-04-03 11:48:36,263
31038628,2026-04-04 07:22:48,263
31040090,2026-04-05 06:21:50,263
31040095,2026-04-05 06:24:50,263
31040109,2026-04-05 06:39:41,263
31040988,2026-04-06 06:32:36,263
31041033,2026-04-06 06:51:46,263
31042344,2026-04-07 06:05:43,263
31042348,2026-04-07 06:08:33,263
31042372,2026-04-07 06:24:25,263
31051044,2026-04-08 06:48:41,263
27316083,2025-04-01 07:44:38,263
27322352,2025-04-02 06:57:27,263
27322393,2025-04-02 07:36:23,263
27329567,2025-04-03 07:29:48,263
27341211,2025-04-04 07:11:54,263
27351182,2025-04-05 07:21:11,263
27380798,2025-04-06 06:45:29,263
27380841,2025-04-06 06:51:37,263
27380840,2025-04-06 07:05:38,263
27380842,2025-04-06 07:19:38,263
27383261,2025-04-07 07:02:24,263
27388962,2025-04-08 06:26:42,263
27389073,2025-04-08 07:12:26,263
27397715,2025-04-09 07:06:39,263
27408460,2025-04-09 15:42:49,263
27408458,2025-04-09 15:45:31,263
30871110,2026-03-29 06:48:24,263
30874102,2026-03-30 08:49:43,263
30890983,2026-04-01 06:39:31,263
31022051,2026-04-02 07:07:29,263
31022052,2026-04-02 07:21:29,263
31022050,2026-04-02 07:35:29,263
31037289,2026-04-03 05:31:23,263
31037290,2026-04-03 05:45:23,263
31037291,2026-04-03 05:59:23,263
31037377,2026-04-03 06:32:14,263
31037370,2026-04-03 06:35:08,263
31037367,2026-04-03 06:37:26,263
31037362,2026-04-03 06:40:28,263
31038544,2026-04-04 05:27:08,263
31038543,2026-04-04 05:41:08,263
31038545,2026-04-04 05:55:08,263
31044428,2026-04-05 06:33:29,263
31448738,2026-04-05 06:38:31,263
31448739,2026-04-05 06:41:41,263
31448742,2026-04-06 07:21:02,263
31448743,2026-04-06 07:25:03,263
31448750,2026-04-06 07:27:40,263
31042383,2026-04-07 05:19:03,263
31042382,2026-04-07 05:33:03,263
31042381,2026-04-07 05:47:03,263
31042473,2026-04-07 06:42:22,263
31042472,2026-04-07 06:56:22,263
31042471,2026-04-07 07:10:22,263
27315964,2025-04-01 06:31:27,263
27322196,2025-04-02 05:33:23,263
22435157,2024-03-31 07:12:16,263
22454753,2024-04-02 06:20:10,263
22469725,2024-04-06 05:44:43,263
22470912,2024-04-07 05:53:38,263
22506910,2024-04-10 06:04:22,263
27305494,2025-03-31 05:56:21,263
27315875,2025-04-01 05:51:47,263
27322227,2025-04-02 06:05:28,263
27329390,2025-04-02 06:43:56,263
27329388,2025-04-03 06:17:25,263
27383066,2025-04-07 05:51:42,263
27383122,2025-04-07 06:22:18,263
27389060,2025-04-08 06:25:04,263
30871094,2026-03-29 05:54:34,263
30871095,2026-03-29 06:24:02,263
30873478,2026-03-30 06:20:19,263
30889276,2026-03-31 19:35:19,263
31021914,2026-04-02 06:16:05,263
31054220,2026-04-08 11:18:11,263
30878258,2026-03-30 18:46:35,263
30878276,2026-03-30 18:51:11,263
30880464,2026-03-31 08:13:59,263
30881444,2026-03-31 10:28:54,263
30891067,2026-04-01 08:47:14,263
30891090,2026-04-01 09:18:24,263
30891091,2026-04-01 09:21:05,263
30891396,2026-04-01 10:29:08,263
30891403,2026-04-01 10:31:54,263
30891419,2026-04-01 10:34:43,263
31019815,2026-04-01 19:40:39,263
31019856,2026-04-01 20:04:31,263
31022125,2026-04-02 09:18:27,263
31022343,2026-04-02 10:05:38,263
31037428,2026-04-03 08:35:54,263
31037433,2026-04-03 08:53:50,263
31037480,2026-04-03 10:40:45,263
31039058,2026-04-04 09:30:28,263
27347348,2025-04-04 06:48:40,263
27347101,2025-04-04 07:02:40,263
27341275,2025-04-04 07:16:40,263
31038655,2026-04-04 07:31:20,263
31040218,2026-04-05 07:17:30,263
31040217,2026-04-05 07:31:30,263
31040216,2026-04-05 07:45:30,263
31040488,2026-04-05 11:02:35,263
31041065,2026-04-06 06:29:38,263
31041066,2026-04-06 06:43:38,263
31041064,2026-04-06 06:57:38,263
31050908,2026-04-08 05:14:32,263
26237132,2024-10-27 06:47:26,265
26237134,2024-10-27 08:17:50,265
26237133,2024-10-27 08:23:58,265
26223095,2024-10-28 08:12:10,265
27334289,2025-04-03 13:33:27,263
27334698,2025-04-03 13:41:46,263
27334700,2025-04-03 13:55:46,263
27334699,2025-04-03 14:09:46,263
27341260,2025-04-04 07:37:50,263
27341915,2025-04-04 08:38:09,263
27351193,2025-04-05 07:33:06,263
27383136,2025-04-07 06:24:24,263
30871102,2026-03-29 06:39:29,263
30872688,2026-03-29 15:49:52,263
30872849,2026-03-29 16:31:34,263
30880709,2026-03-30 17:39:09,263
30880705,2026-03-31 07:14:25,263
30880704,2026-03-31 07:17:23,263
30880703,2026-03-31 07:20:39,263
30880702,2026-03-31 07:23:28,263
30880701,2026-03-31 07:29:15,263
30880700,2026-03-31 08:37:45,263
30880699,2026-03-31 08:41:38,263
30880698,2026-03-31 08:45:46,263
30880697,2026-03-31 08:51:16,263
30891001,2026-04-01 07:04:22,263
30892584,2026-04-01 10:34:14,263
30892583,2026-04-01 10:37:11,263
30892582,2026-04-01 10:41:48,263
30892581,2026-04-01 10:45:08,263
30892580,2026-04-01 10:48:26,263
30892578,2026-04-01 10:52:22,263
30892576,2026-04-01 10:56:16,263
30892564,2026-04-01 11:00:00,263
30892563,2026-04-01 11:03:13,263
30892560,2026-04-01 11:07:48,263
30892557,2026-04-01 11:11:28,263
30892531,2026-04-01 11:26:21,263
30892519,2026-04-01 11:31:41,263
30892518,2026-04-01 11:34:16,263
30892517,2026-04-01 11:37:33,263
30892516,2026-04-01 11:39:57,263
30892513,2026-04-01 11:43:04,263
30892511,2026-04-01 11:46:41,263
30892510,2026-04-01 11:49:12,263
30892509,2026-04-01 11:52:32,263
30892507,2026-04-01 11:57:01,263
30892506,2026-04-01 11:59:54,263
30892505,2026-04-01 12:02:17,263
30892503,2026-04-01 12:07:27,263
30892502,2026-04-01 12:10:22,263
30892498,2026-04-01 12:13:35,263
30892493,2026-04-01 12:16:26,263
30892490,2026-04-01 12:19:31,263
30892489,2026-04-01 12:23:55,263
30892488,2026-04-01 12:26:55,263
30892487,2026-04-01 12:30:07,263
30892486,2026-04-01 12:33:00,263
30892475,2026-04-01 12:37:47,263
30892474,2026-04-01 12:42:04,263
30892471,2026-04-01 12:44:46,263
30892470,2026-04-01 12:47:25,263
30892469,2026-04-01 12:54:33,263
31018046,2026-04-01 13:36:14,263
31018045,2026-04-01 13:50:48,263
31018044,2026-04-01 13:54:35,263
31018041,2026-04-01 13:57:56,263
31018040,2026-04-01 14:01:27,263
31018037,2026-04-01 14:06:41,263
30893084,2026-04-01 14:10:16,263
30893083,2026-04-01 14:13:49,263
31021131,2026-04-01 21:23:01,263
31036873,2026-04-02 16:46:41,263
31040224,2026-04-05 08:08:48,263
31042534,2026-04-07 08:06:42,263
31042820,2026-04-07 09:04:04,263
31046612,2026-04-07 14:31:05,263
31046610,2026-04-07 14:34:11,263
31046589,2026-04-07 14:36:09,263
31046544,2026-04-07 14:38:09,263
31046533,2026-04-07 14:40:25,263
31046529,2026-04-07 14:42:24,263
31046528,2026-04-07 14:45:15,263
31046526,2026-04-07 14:47:34,263
31046512,2026-04-07 14:50:57,263
31046511,2026-04-07 14:53:05,263
22555605,2024-04-08 19:50:52,263
27322371,2025-04-02 07:20:58,263
27351575,2025-04-04 08:11:00,263
27383380,2025-04-07 05:41:00,263
31037255,2026-04-03 05:49:14,263
31041422,2026-04-06 13:13:58,263
31041030,2026-04-06 06:48:04,263
22454752,2024-04-02 06:16:05,263
22466498,2024-04-05 06:37:15,263
22497185,2024-04-08 06:15:37,263
27341093,2025-04-04 06:10:49,263
27388956,2025-04-08 05:53:00,263
27388955,2025-04-08 06:07:01,263
27388954,2025-04-08 06:21:02,263
27402817,2025-04-09 16:01:32,263
30880450,2026-03-31 07:56:02,263
30890975,2026-04-01 06:36:36,263
27351042,2025-04-05 06:32:37,263
27383108,2025-04-07 06:09:16,263
30871141,2026-03-29 07:33:21,263
30871139,2026-03-29 07:47:22,263
30871140,2026-03-29 08:01:23,263
30873584,2026-03-30 08:03:05,263
30880425,2026-03-31 06:36:02,263
30880424,2026-03-31 06:50:02,263
30880423,2026-03-31 07:04:04,263
30890971,2026-04-01 06:02:32,263
30890972,2026-04-01 06:16:32,263
30890970,2026-04-01 06:30:32,263
31022017,2026-04-02 07:11:16,263
31022115,2026-04-02 07:55:02,263
31022114,2026-04-02 08:09:03,263
31022113,2026-04-02 08:23:04,263
31037280,2026-04-03 06:15:12,263
31037297,2026-04-03 06:33:38,263
31037357,2026-04-03 07:12:14,263
31037381,2026-04-03 07:46:58,263
31038539,2026-04-04 05:40:28,263
31038634,2026-04-04 07:23:25,263
31038643,2026-04-04 07:29:49,263
31038649,2026-04-04 07:33:05,263
31040107,2026-04-05 06:38:00,263
31040938,2026-04-06 05:51:34,263
31042322,2026-04-07 05:39:52,263
31042346,2026-04-07 06:06:19,263
31042368,2026-04-07 06:23:53,263
31042510,2026-04-07 06:40:18,263
31042512,2026-04-07 06:54:19,263
31042511,2026-04-07 07:08:20,263
31050992,2026-04-08 06:18:06,263
31051114,2026-04-08 06:42:00,263
31051108,2026-04-08 06:56:01,263
31051107,2026-04-08 07:10:02,263
15511044,2022-03-27 06:44:46,263
15511045,2022-03-31 06:15:33,263
15511046,2022-03-31 06:29:33,263
15511047,2022-03-31 06:43:33,263
15511053,2022-03-31 06:57:20,263
15525701,2022-04-03 06:46:50,263
19228881,2023-04-01 06:53:17,263
19244956,2023-04-05 06:42:19,263
22452004,2024-04-01 06:54:59,263
27322278,2025-04-01 06:23:09,263
27322255,2025-04-02 06:22:36,263
27322277,2025-04-02 06:33:52,263
27329373,2025-04-03 06:04:34,263
31042481,2026-04-07 06:18:31,263
31042482,2026-04-07 06:32:34,263
31042483,2026-04-07 06:46:38,263
22461714,2024-04-04 05:55:42,263
27330828,2025-04-02 15:03:24,263
22451881,2024-04-01 06:27:52,263
22497095,2024-04-08 05:28:13,263
22504729,2024-04-09 06:57:08,263
27322292,2025-04-02 06:38:18,263
27329418,2025-04-03 06:29:34,263
27341153,2025-04-04 06:36:42,263
27383109,2025-04-07 06:14:10,263
27388979,2025-04-08 06:34:49,263
27389048,2025-04-08 06:55:14,263
27397591,2025-04-09 06:15:25,263
27397714,2025-04-09 07:10:05,263
31041823,2026-04-06 18:08:01,263
31041832,2026-04-06 18:13:54,263
22503016,2024-04-08 19:36:53,263
9812459,2021-04-05 08:16:00,263
19230342,2023-04-02 08:16:59,263
22504742,2024-04-03 06:12:49,263
22504741,2024-04-03 06:26:50,263
22504738,2024-04-03 06:40:51,263
22471006,2024-04-07 07:02:26,263
22504731,2024-04-09 06:57:25,263
27329528,2025-04-03 06:17:46,263
27329529,2025-04-03 06:31:46,263
27329530,2025-04-03 06:45:47,263
27329557,2025-04-03 06:56:01,263
27351112,2025-04-04 06:22:51,263
27351110,2025-04-04 06:36:52,263
27341195,2025-04-04 06:38:10,263
27351106,2025-04-04 06:50:53,263
27341196,2025-04-04 06:52:10,263
27341194,2025-04-04 07:06:10,263
27351163,2025-04-05 06:41:46,263
27388932,2025-04-08 06:12:13,263
27388935,2025-04-08 06:13:14,263
30891005,2026-04-01 06:42:27,263
30891373,2026-04-01 07:10:29,263
31021953,2026-04-02 06:43:28,263
31048725,2026-04-02 08:01:45,263
31048727,2026-04-02 08:04:00,263
31048794,2026-04-03 09:49:10,263
31048742,2026-04-04 06:44:49,263
31048865,2026-04-05 07:11:33,263
31048749,2026-04-05 07:55:51,263
31041312,2026-04-06 09:24:17,263
31041313,2026-04-06 09:43:51,263
31043871,2026-04-07 12:13:33,263
31048777,2026-04-07 16:45:26,263
31051055,2026-04-08 06:22:28,263
31051056,2026-04-08 06:36:31,263
31051054,2026-04-08 06:50:35,263
22452015,2024-04-01 06:46:20,263
22452014,2024-04-01 07:00:20,263
22468382,2024-04-05 15:16:05,263
22471130,2024-04-07 09:42:48,263
26260557,2024-11-01 07:08:00,265
27306237,2025-03-30 13:48:15,263
27306236,2025-03-31 11:34:47,263
27320849,2025-04-01 06:50:00,263
27320861,2025-04-01 07:00:00,263
27329612,2025-04-01 07:09:55,263
27329610,2025-04-01 07:23:55,263
27329609,2025-04-01 07:37:55,263
27317090,2025-04-01 12:04:35,263
27318754,2025-04-01 15:53:54,263
27321349,2025-04-01 18:50:00,263
27321350,2025-04-01 18:55:00,263
27322345,2025-04-02 06:03:42,263
27322346,2025-04-02 06:17:43,263
27328840,2025-04-02 06:24:00,263
27329608,2025-04-02 06:24:25,263
27410498,2025-04-02 06:24:39,263
27322347,2025-04-02 06:31:44,263
27328841,2025-04-02 06:49:00,263
27329607,2025-04-02 06:52:25,263
27410500,2025-04-02 06:52:39,263
27328477,2025-04-02 19:05:27,263
27328480,2025-04-02 19:07:29,263
27328507,2025-04-02 19:10:16,263
27329534,2025-04-03 06:02:28,263
27329533,2025-04-03 06:16:29,263
27338951,2025-04-03 06:26:00,263
27329535,2025-04-03 06:30:30,263
27338953,2025-04-03 06:56:00,263
27329604,2025-04-03 07:38:41,263
27329606,2025-04-03 07:52:41,263
27329605,2025-04-03 08:06:41,263
27341761,2025-04-04 05:55:30,263
27341149,2025-04-04 06:02:01,263
27410501,2025-04-04 06:03:08,263
27341501,2025-04-04 06:09:30,263
27341150,2025-04-04 06:16:02,263
27341499,2025-04-04 06:23:31,263
27341151,2025-04-04 06:30:04,263
27410502,2025-04-04 06:31:08,263
27341752,2025-04-04 08:47:01,263
27341754,2025-04-04 09:01:02,263
27341753,2025-04-04 09:15:02,263
27351045,2025-04-05 06:03:31,263
27351369,2025-04-05 06:05:43,263
27351046,2025-04-05 06:17:32,263
27351334,2025-04-05 06:19:44,263
27351047,2025-04-05 06:31:33,263
27351310,2025-04-05 06:33:45,263
27380977,2025-04-06 05:55:40,263
27380820,2025-04-06 06:02:36,263
27410566,2025-04-06 06:03:15,263
27380821,2025-04-06 06:09:41,263
27380819,2025-04-06 06:16:37,263
27380799,2025-04-06 06:23:42,263
27380818,2025-04-06 06:30:38,263
27410580,2025-04-06 06:31:15,263
27380952,2025-04-06 07:37:28,263
27380954,2025-04-06 07:51:30,263
27380953,2025-04-06 08:05:31,263
27383699,2025-04-07 05:51:59,263
27383731,2025-04-07 06:00:47,263
27383199,2025-04-07 06:02:32,263
27383738,2025-04-07 06:14:47,263
27383201,2025-04-07 06:16:34,263
27383922,2025-04-07 06:28:48,263
27383200,2025-04-07 06:30:35,263
27385008,2025-04-07 13:23:59,263
27385838,2025-04-07 15:24:12,263
27389221,2025-04-08 05:39:25,263
27389138,2025-04-08 05:53:26,263
27389021,2025-04-08 06:02:05,263
27389081,2025-04-08 06:07:27,263
27389024,2025-04-08 06:16:06,263
27389025,2025-04-08 06:30:07,263
27389124,2025-04-08 06:42:42,263
27389123,2025-04-08 06:56:42,263
27389581,2025-04-08 10:45:52,263
27389626,2025-04-08 11:00:53,263
27389627,2025-04-08 11:03:43,263
27389646,2025-04-08 11:06:36,263
27392221,2025-04-08 14:36:57,263
27393376,2025-04-08 16:31:18,263
27393383,2025-04-08 16:35:33,263
27395098,2025-04-08 19:18:06,263
27395101,2025-04-08 19:25:39,263
27395278,2025-04-08 19:40:20,263
27395279,2025-04-08 19:43:45,263
27398194,2025-04-09 05:44:19,263
27398188,2025-04-09 05:58:20,263
27397629,2025-04-09 06:02:38,263
27397817,2025-04-09 06:12:21,263
27397627,2025-04-09 06:16:39,263
27397628,2025-04-09 06:30:41,263
27397696,2025-04-09 06:34:15,263
27397692,2025-04-09 06:48:15,263
27397690,2025-04-09 07:02:15,263
27407177,2025-04-09 19:28:35,263
27407182,2025-04-09 19:30:57,263
27407184,2025-04-09 19:33:54,263
27407186,2025-04-09 19:37:39,263
27407366,2025-04-09 19:39:52,263
27407370,2025-04-09 19:42:45,263
27407371,2025-04-09 19:47:13,263
30006927,2025-10-26 16:46:44,265
30048495,2025-10-31 09:56:48,265
30048647,2025-10-31 10:33:25,265
30048657,2025-10-31 10:36:01,265
30048662,2025-10-31 10:39:23,265
30048692,2025-10-31 10:43:03,265
30048715,2025-10-31 10:45:21,265
30048740,2025-10-31 10:47:35,265
30048751,2025-10-31 10:51:52,265
30049430,2025-10-31 12:25:09,265
30053446,2025-11-01 14:21:12,265
30872398,2026-03-29 12:26:36,263
30880426,2026-03-30 06:19:54,263
30873483,2026-03-30 06:39:44,263
30873494,2026-03-30 07:15:53,263
30880399,2026-03-31 06:31:03,263
31022003,2026-04-01 06:07:23,263
31022004,2026-04-01 06:35:23,263
30890974,2026-04-01 06:38:03,263
30890999,2026-04-01 07:02:05,263
30891010,2026-04-01 07:11:55,263
31019789,2026-04-01 19:32:08,263
31019813,2026-04-01 19:34:48,263
31022092,2026-04-02 06:01:22,263
31022006,2026-04-02 06:09:01,263
31022126,2026-04-02 06:15:23,263
31022215,2026-04-02 06:29:24,263
31021997,2026-04-02 06:37:01,263
31021973,2026-04-02 07:01:40,263
31021990,2026-04-02 07:07:02,263
31022097,2026-04-02 08:13:14,263
31041077,2026-04-03 05:43:03,263
31037380,2026-04-03 05:53:33,263
31037387,2026-04-03 06:07:34,263
31041080,2026-04-03 06:11:03,263
31037389,2026-04-03 06:21:35,263
31037322,2026-04-03 07:01:50,263
31039019,2026-04-04 05:45:10,263
31039053,2026-04-04 05:59:11,263
31039054,2026-04-04 06:13:12,263
31038570,2026-04-04 06:33:55,263
31039661,2026-04-04 18:32:58,263
31040221,2026-04-05 05:37:55,263
31040265,2026-04-05 05:51:56,263
31040277,2026-04-05 06:05:57,263
31040103,2026-04-05 06:32:26,263
31040108,2026-04-05 06:38:39,263
31040135,2026-04-05 07:03:21,263
31040142,2026-04-05 07:12:26,263
31040176,2026-04-05 07:31:17,263
31040240,2026-04-05 07:37:15,263
31040290,2026-04-05 08:15:34,263
31040263,2026-04-05 08:29:35,263
31040261,2026-04-05 08:43:36,263
31040494,2026-04-05 11:37:51,263
31041211,2026-04-06 05:33:10,263
31041214,2026-04-06 05:47:11,263
31041215,2026-04-06 06:01:12,263
31040978,2026-04-06 06:24:49,263
31041070,2026-04-06 06:29:16,263
31041074,2026-04-06 06:57:16,263
31041225,2026-04-06 07:30:28,263
31041232,2026-04-06 07:44:29,263
31041237,2026-04-06 07:58:29,263
31041318,2026-04-06 10:56:32,263
31041675,2026-04-06 13:47:13,263
31042529,2026-04-07 05:39:07,263
31042532,2026-04-07 05:53:09,263
31042340,2026-04-07 05:59:26,263
31042533,2026-04-07 06:12:26,263
31042945,2026-04-07 06:26:27,263
31042430,2026-04-07 06:30:58,263
31042958,2026-04-07 06:40:28,263
31042408,2026-04-07 06:45:19,263
31042523,2026-04-07 07:02:34,263
31042522,2026-04-07 07:30:34,263
31043748,2026-04-07 11:57:34,263
31043798,2026-04-07 12:00:37,263
31043861,2026-04-07 12:09:42,263
31043900,2026-04-07 12:22:15,263
31050976,2026-04-08 06:07:31,263
31051081,2026-04-08 06:21:53,263
31051083,2026-04-08 06:35:54,263
31051186,2026-04-08 06:44:19,263
31051082,2026-04-08 06:49:54,263
31051076,2026-04-08 06:59:40,263
31051188,2026-04-08 07:12:19,263
27329445,2025-04-03 06:32:01,263
27341047,2025-04-04 05:57:05,263
27388953,2025-04-08 06:22:25,263
27395276,2025-04-08 19:36:27,263
27425388,2025-04-09 06:20:26,263
27425387,2025-04-09 06:34:26,263
27397782,2025-04-09 07:58:57,263
27397820,2025-04-09 08:07:37,263
19231593,2023-04-03 08:15:39,263
21975204,2023-11-01 06:25:08,265
22018123,2023-11-05 06:43:28,265
22040386,2023-11-08 07:27:41,265
22452011,2024-04-01 07:08:11,263
22461722,2024-04-04 06:13:59,263
22470931,2024-04-07 06:20:21,263
27383112,2025-04-07 06:12:53,263
27383235,2025-04-07 06:43:59,263
27389027,2025-04-08 06:34:46,263
30880380,2026-03-31 05:33:41,263
30880396,2026-03-31 06:04:05,263
31021989,2026-04-02 06:07:55,263
31021987,2026-04-02 06:21:56,263
31021988,2026-04-02 06:35:58,263
27322399,2025-04-01 07:27:59,263
27322397,2025-04-02 06:52:56,263
27322396,2025-04-02 07:11:56,263
27329444,2025-04-03 06:44:40,263
27322241,2025-04-02 06:21:00,263
27322249,2025-04-02 06:25:47,263
27380732,2025-04-06 05:50:22,263
27380734,2025-04-06 05:53:13,263
27380736,2025-04-06 05:56:04,263
27383119,2025-04-07 06:21:11,263
27383127,2025-04-07 06:24:00,263
31040033,2026-04-05 06:05:34,263
31040220,2026-04-05 07:02:37,263
31040219,2026-04-05 07:16:38,263
31040222,2026-04-05 07:30:39,263
27380377,2025-04-05 09:47:23,263
31022089,2026-04-02 07:29:32,263
31022087,2026-04-02 07:43:32,263
31022088,2026-04-02 07:57:32,263
31037547,2026-04-03 12:04:01,263
19243685,2023-04-04 06:21:22,263
19244933,2023-04-05 06:16:25,263
22461716,2024-04-04 06:09:40,263
22461718,2024-04-04 06:12:22,263
22504707,2024-04-09 06:25:10,263
22506916,2024-04-10 06:17:02,263
27322435,2025-04-02 07:57:51,263
27329409,2025-04-03 06:21:26,263
27397667,2025-04-04 19:39:03,263
27397569,2025-04-09 06:03:07,263
27397572,2025-04-09 06:06:38,263
27397576,2025-04-09 06:09:29,263
27397580,2025-04-09 06:12:00,263
27397661,2025-04-09 06:22:29,263
31021998,2026-04-02 07:15:27,263
31042361,2026-04-07 06:21:55,263
31042369,2026-04-07 06:23:35,263
31050965,2026-04-08 06:05:41,263
31050968,2026-04-08 06:07:29,263
31051003,2026-04-08 06:22:38,263
31051028,2026-04-08 06:38:21,263
27314927,2025-03-31 20:22:36,263
27381112,2025-04-06 10:31:04,263
27322192,2025-04-02 05:25:34,263
27329339,2025-04-03 05:05:20,263
27329342,2025-04-03 05:31:34,263
27397536,2025-04-09 05:02:38,263
30872712,2026-03-29 12:26:13,263
31041681,2026-04-05 16:28:37,263
31041680,2026-04-05 16:39:39,263
31041679,2026-04-05 16:49:42,263
31105573,2026-04-06 15:06:51,263
31105574,2026-04-06 15:20:22,263
31105576,2026-04-06 16:36:31,263
31048747,2026-04-07 17:16:52,263
30880422,2026-03-31 06:01:22,263
30880421,2026-03-31 06:15:22,263
30880420,2026-03-31 06:29:22,263
30891039,2026-03-31 11:41:00,263
30891037,2026-04-01 07:27:35,263
30891036,2026-04-01 07:41:35,263
30891038,2026-04-01 07:55:35,263
31021949,2026-04-02 06:17:42,263
31021951,2026-04-02 06:31:42,263
31021950,2026-04-02 06:45:42,263
31039065,2026-04-04 06:39:02,263
31039064,2026-04-04 06:53:02,263
31039066,2026-04-04 07:07:02,263
31037361,2026-04-03 07:26:42,263
31037378,2026-04-03 07:44:10,263
22435134,2024-03-31 06:21:39,263
22451873,2024-04-01 05:52:39,263
22451875,2024-04-01 05:55:52,263
22452034,2024-04-01 06:26:45,263
22470921,2024-04-07 06:04:26,263
22506980,2024-04-10 07:24:59,263
31022121,2026-04-02 08:52:24,263
27305521,2025-03-31 06:25:49,263
27315915,2025-04-01 06:24:00,263
27322231,2025-04-02 06:12:25,263
27329402,2025-04-03 06:21:07,263
27341114,2025-04-04 06:24:15,263
27351052,2025-04-05 06:36:10,263
27380762,2025-04-06 06:29:44,263
27383145,2025-04-07 06:29:47,263
27388942,2025-04-08 06:18:54,263
27397595,2025-04-09 06:19:53,263
31050960,2026-04-08 05:56:06,263
19219868,2023-03-29 07:12:33,263
19219870,2023-03-29 07:26:34,263
19219869,2023-03-29 07:40:35,263
27283675,2025-03-30 08:09:40,263
27315941,2025-04-01 06:35:01,263
27351139,2025-04-05 07:01:49,263
22504641,2024-04-09 05:10:49,263
27329441,2025-04-03 06:40:57,263
27351013,2025-04-05 05:42:43,263
27351012,2025-04-05 05:56:44,263
27351011,2025-04-05 06:10:45,263
27380813,2025-04-06 05:56:37,263
27380814,2025-04-06 06:10:38,263
27380815,2025-04-06 06:24:39,263
27383064,2025-04-07 05:57:58,263
31040252,2026-04-05 08:42:36,263
31042489,2026-04-07 06:44:21,263
31042491,2026-04-07 06:58:22,263
31042490,2026-04-07 07:12:23,263
31051058,2026-04-08 06:21:53,263
31051059,2026-04-08 06:35:54,263
31051060,2026-04-08 06:49:55,263
19219847,2023-03-29 06:48:40,263
22435165,2024-03-31 08:01:17,263
22454757,2024-04-02 06:29:48,263
22459909,2024-04-03 07:22:59,263
22461871,2024-04-04 07:41:45,263
31051011,2026-04-08 06:31:27,263
27305555,2025-03-31 06:40:36,263
27305564,2025-03-31 06:48:15,263
27315990,2025-04-01 06:28:57,263
27341118,2025-04-04 06:26:10,263
31039016,2025-04-08 06:15:37,263
27388959,2025-04-08 06:24:11,263
31039017,2025-04-08 06:29:37,263
31039018,2025-04-08 06:43:38,263
31037345,2026-04-03 07:16:47,263
31041226,2026-04-06 05:15:49,263
31041224,2026-04-06 05:29:53,263
31041222,2026-04-06 05:43:56,263
31043222,2026-04-07 06:02:30,263
31043221,2026-04-07 06:16:33,263
31043219,2026-04-07 06:30:36,263
31042392,2026-04-07 06:33:47,263
31044387,2026-04-07 13:03:31,263
31045540,2026-04-07 14:21:59,263
31051222,2026-04-08 06:02:22,263
31051221,2026-04-08 06:16:25,263
31051220,2026-04-08 06:30:28,263
19230298,2023-04-02 06:45:08,263
19230299,2023-04-02 07:02:57,263
19231572,2023-04-03 06:53:25,263
19243702,2023-04-04 06:50:53,263
19244931,2023-04-05 06:05:32,263
31037715,2026-04-03 13:06:31,263
31037722,2026-04-03 13:16:13,263
27322362,2025-04-02 07:17:15,263
27329376,2025-04-03 06:08:48,263
27380812,2025-04-04 05:47:53,263
27351159,2025-04-05 07:10:37,263
27380811,2025-04-06 06:55:10,263
27383110,2025-04-07 06:14:54,263
27388908,2025-04-08 06:00:48,263
27397568,2025-04-09 06:03:12,263
27341271,2025-04-04 07:43:28,263
27341274,2025-04-04 07:47:57,263
27341283,2025-04-04 07:54:29,263
27341286,2025-04-04 07:58:46,263
27341287,2025-04-04 08:02:43,263
27341290,2025-04-04 08:05:51,263
27341318,2025-04-04 08:09:44,263
27341320,2025-04-04 08:17:00,263
27341419,2025-04-04 08:22:00,263
22435161,2024-03-31 07:26:18,263
22452023,2024-04-01 07:54:58,263
22454755,2024-04-02 06:24:21,263
22459844,2024-04-03 06:12:27,263
22461717,2024-04-04 06:11:37,263
22466493,2024-04-05 06:18:12,263
22469735,2024-04-06 06:15:45,263
22470924,2024-04-07 06:19:09,263
22497171,2024-04-08 06:12:22,263
22504704,2024-04-09 06:15:40,263
22506915,2024-04-10 06:16:20,263
27283600,2025-03-30 06:45:58,263
27305500,2025-03-31 06:06:52,263
27315882,2025-04-01 06:06:35,263
27322355,2025-04-02 06:17:26,263
27329424,2025-04-03 06:33:01,263
27341098,2025-04-04 06:16:19,263
27351041,2025-04-05 06:31:36,263
27388926,2025-04-08 06:12:46,263
27397574,2025-04-09 06:08:46,263
30873473,2026-03-30 06:15:53,263
30880383,2026-03-31 06:08:53,263
30890961,2026-04-01 06:25:49,263
31021912,2026-04-02 06:12:19,263
31040186,2026-04-05 07:37:45,263
31040213,2026-04-05 07:57:57,263
30881572,2026-03-31 08:07:31,263
30881573,2026-03-31 08:21:31,263
30881571,2026-03-31 08:35:31,263
9812334,2020-04-05 07:17:00,263
27315909,2025-04-01 06:09:32,263
27329372,2025-04-03 06:02:36,263
27351038,2025-04-05 06:30:49,263
27351048,2025-04-05 06:33:55,263
27380738,2025-04-06 05:55:56,263
27383073,2025-04-07 06:04:54,263
27397680,2025-04-09 06:22:47,263
31042343,2026-04-07 06:02:36,263
19219844,2023-03-29 06:28:58,263
27317672,2025-04-01 06:42:56,263
27317671,2025-04-01 06:56:57,263
27317635,2025-04-01 07:10:58,263
27317469,2025-04-01 13:20:47,263
27322280,2025-04-02 06:16:11,263
27322282,2025-04-02 06:30:12,263
27621090,2025-04-02 06:41:59,263
27325061,2025-04-02 06:41:59,263
27621060,2025-04-02 06:56:00,263
27325059,2025-04-02 06:56:00,263
27621056,2025-04-02 07:10:00,263
27322361,2025-04-02 07:10:00,263
27329544,2025-04-03 06:40:18,263
27329548,2025-04-03 06:54:18,263
27329542,2025-04-03 07:08:19,263
27341097,2025-04-04 06:13:00,263
27349511,2025-04-04 06:42:03,263
27349510,2025-04-04 06:56:04,263
27341219,2025-04-04 07:10:04,263
27351256,2025-04-05 07:31:29,263
27351255,2025-04-05 07:45:29,263
27351257,2025-04-05 07:59:30,263
27351332,2025-04-05 09:34:28,263
27381069,2025-04-06 10:32:35,263
27388946,2025-04-08 06:17:52,263
27388975,2025-04-08 06:33:28,263
27389095,2025-04-08 06:42:33,263
27389093,2025-04-08 06:56:34,263
27389094,2025-04-08 07:10:35,263
27393377,2025-04-08 16:33:54,263
27397593,2025-04-09 05:48:59,263
27397733,2025-04-09 06:42:42,263
27397726,2025-04-09 06:56:59,263
27397724,2025-04-09 07:11:16,263
31038525,2026-04-04 05:30:08,263
31040024,2026-04-05 05:50:33,263
27305568,2025-03-31 06:53:47,263
27315963,2025-04-01 06:40:31,263
15480883,2022-03-27 06:43:28,263
22454093,2024-04-01 17:07:42,263
27305545,2025-03-31 06:37:43,263
30873487,2026-03-30 06:41:49,263
19230363,2023-04-02 09:13:57,263
19230387,2023-04-02 09:37:56,263
22435115,2024-03-31 05:37:41,263
22435128,2024-03-31 06:06:19,263
22435132,2024-03-31 06:20:11,263
22435159,2024-03-31 07:13:49,263
22466472,2024-04-05 05:39:07,263
22471000,2024-04-07 06:50:20,263
22471077,2024-04-07 09:12:25,263
22497241,2024-04-08 07:10:33,263
22504753,2024-04-09 07:43:57,263
27315899,2025-03-30 09:04:56,263
27288128,2025-03-30 13:51:54,263
27305550,2025-03-31 06:39:28,263
27315898,2025-04-01 06:17:59,263
27322368,2025-04-02 07:20:13,263
27329466,2025-04-03 06:54:29,263
27350986,2025-04-05 05:45:32,263
27351109,2025-04-05 06:40:54,263
27380826,2025-04-06 07:07:12,263
27383132,2025-04-07 06:25:27,263
27383316,2025-04-07 07:32:03,263
27388012,2025-04-07 19:20:04,263
27397539,2025-04-09 05:24:40,263
27397540,2025-04-09 05:26:40,263
30873475,2026-03-30 06:15:26,263
30880394,2026-03-31 06:24:13,263
31022484,2026-04-02 10:36:50,263
31039967,2026-04-03 09:51:00,263
31038575,2026-04-04 06:44:36,263
31040012,2026-04-05 04:57:30,263
31040014,2026-04-05 05:13:25,263
31041032,2026-04-06 06:50:03,263
31041281,2026-04-06 09:50:06,263
31042336,2026-04-06 10:07:42,263
31042333,2026-04-07 05:54:14,263
31042432,2026-04-07 06:57:00,263
31049280,2026-04-07 19:35:06,263
31051034,2026-04-08 06:40:14,263
31054200,2026-04-08 11:14:26,263
9814884,2020-04-04 08:12:00,263
27328778,2025-04-02 19:18:13,263
27338718,2025-04-03 19:54:09,263
27380982,2025-04-05 12:05:55,263
27380937,2025-04-06 06:02:51,263
27380936,2025-04-06 06:16:51,263
27380935,2025-04-06 06:30:51,263
27383739,2025-04-07 06:12:03,263
27388917,2025-04-08 06:03:03,263
27389069,2025-04-08 06:39:47,263
27389067,2025-04-08 06:53:47,263
27389068,2025-04-08 07:07:47,263
27395076,2025-04-08 10:52:46,263
27397571,2025-04-09 06:03:28,263
31037430,2026-04-03 05:47:46,263
31037431,2026-04-03 06:27:43,263
31038454,2026-04-03 19:13:54,263
31040489,2026-04-05 06:25:24,263
31091251,2026-04-06 06:30:00,263
31041316,2026-04-06 10:53:07,263
31091248,2026-04-06 11:46:35,263
31091249,2026-04-06 11:46:35,263
31091250,2026-04-06 11:46:35,263
31042233,2026-04-06 12:00:35,263
31041831,2026-04-06 12:14:35,263
31051100,2026-04-08 07:16:13,263
19226758,2023-03-31 06:32:31,263
31021926,2026-04-02 06:29:39,263
31078413,2026-04-02 07:13:15,263
31131555,2026-04-02 07:29:48,263
27315862,2025-04-01 05:07:35,263
27315863,2025-04-01 05:21:35,263
27315864,2025-04-01 05:35:35,263
27322193,2025-04-02 05:02:40,263
27322194,2025-04-02 05:16:40,263
27322195,2025-04-02 05:30:40,263
27329340,2025-04-03 05:19:02,263
27383037,2025-04-07 05:03:48,263
27383038,2025-04-07 05:17:49,263
27383036,2025-04-07 05:31:49,263
27397544,2025-04-09 05:10:00,263
27397543,2025-04-09 05:24:00,263
27397542,2025-04-09 05:38:00,263
30892983,2026-04-01 14:01:01,263
30892991,2026-04-01 14:08:22,263
30893049,2026-04-01 14:12:42,263
31021923,2026-04-02 06:18:48,263
31041109,2026-04-06 07:07:12,263
31041106,2026-04-06 07:21:12,263
31041107,2026-04-06 07:35:13,263
31041219,2026-04-06 08:37:34,263
31050978,2026-04-08 06:01:30,263
31040278,2026-04-05 09:45:14,263
9814080,2020-04-05 07:24:00,263
9814082,2020-04-05 07:26:00,263
9812431,2021-04-01 14:12:00,263
9812460,2021-04-05 08:15:00,263
15480879,2022-03-27 06:21:11,263
15485819,2022-03-28 07:06:20,263
15485885,2022-03-28 09:38:51,263
15485887,2022-03-28 09:42:50,263
15489823,2022-03-29 06:25:33,263
15511043,2022-03-31 05:58:13,263
15511041,2022-03-31 06:27:23,263
15522513,2022-04-02 09:06:41,263
15522512,2022-04-02 09:20:42,263
15522511,2022-04-02 09:34:47,263
15550516,2022-04-04 10:27:11,263
15550527,2022-04-04 10:46:31,263
15554429,2022-04-05 11:14:20,263
15556647,2022-04-06 05:49:29,263
15556646,2022-04-06 06:03:30,263
15556645,2022-04-06 06:17:32,263
15556651,2022-04-06 06:44:49,263
18800642,2022-10-31 06:59:55,265
18805040,2022-11-01 20:01:35,265
19210539,2023-03-26 06:00:40,263
19210548,2023-03-26 06:08:29,263
19210538,2023-03-26 06:14:41,263
19210547,2023-03-26 06:22:29,263
19210537,2023-03-26 06:28:43,263
19210546,2023-03-26 06:36:30,263
19211957,2023-03-27 05:34:31,263
22329606,2023-03-27 06:49:59,263
19212048,2023-03-27 07:18:34,263
19212046,2023-03-27 07:32:35,263
19212047,2023-03-27 07:46:36,263
19217366,2023-03-28 05:41:49,263
19217365,2023-03-28 05:55:50,263
19217367,2023-03-28 06:09:51,263
19219841,2023-03-29 06:16:32,263
19219856,2023-03-29 06:26:18,263
19219861,2023-03-29 06:28:55,263
19219845,2023-03-29 06:37:23,263
19219854,2023-03-29 06:40:19,263
19219862,2023-03-29 06:42:56,263
22329605,2023-03-29 06:51:00,263
19219855,2023-03-29 06:54:20,263
19219863,2023-03-29 06:56:57,263
19223115,2023-03-30 05:40:13,263
19223113,2023-03-30 05:54:13,263
19223122,2023-03-30 05:58:58,263
19223114,2023-03-30 06:08:14,263
19223109,2023-03-30 06:10:46,263
19223121,2023-03-30 06:12:59,263
19223120,2023-03-30 06:27:00,263
19226766,2023-03-31 06:23:47,263
19226767,2023-03-31 06:37:48,263
19226765,2023-03-31 06:51:49,263
19228847,2023-04-01 06:08:07,263
19228849,2023-04-01 06:17:20,263
19228882,2023-04-01 06:50:02,263
19230297,2023-04-02 06:46:34,263
19231557,2023-04-03 06:26:11,263
19231596,2023-04-03 07:15:32,263
19231595,2023-04-03 07:29:33,263
19231594,2023-04-03 07:43:34,263
19243684,2023-04-04 06:17:46,263
19243683,2023-04-04 06:20:45,263
19244953,2023-04-05 05:56:41,263
19244952,2023-04-05 06:10:42,263
19244937,2023-04-05 06:18:20,263
19244954,2023-04-05 06:24:44,263
22435114,2024-03-31 04:40:13,263
22435130,2024-03-31 06:09:27,263
22435135,2024-03-31 06:23:07,263
22435673,2024-03-31 10:34:44,263
22435909,2024-03-31 15:13:04,263
22439879,2024-03-31 18:30:51,263
22451812,2024-04-01 05:31:16,263
22451880,2024-04-01 06:16:35,263
22452003,2024-04-01 06:29:33,263
22454749,2024-04-02 06:00:02,263
22454756,2024-04-02 06:28:39,263
22454764,2024-04-02 06:34:40,263
22457097,2024-04-02 18:37:48,263
22459911,2024-04-03 05:41:05,263
22459912,2024-04-03 05:55:06,263
22459910,2024-04-03 06:09:07,263
22459845,2024-04-03 06:17:16,263
22459850,2024-04-03 06:31:30,263
22460061,2024-04-03 09:38:58,263
22461232,2024-04-03 19:04:36,263
22461713,2024-04-04 05:52:08,263
22461724,2024-04-04 05:55:32,263
22461720,2024-04-04 06:13:44,263
22461825,2024-04-04 06:51:55,263
22463275,2024-04-04 13:09:59,263
22466469,2024-04-05 04:18:16,263
22466470,2024-04-05 04:32:17,263
22466471,2024-04-05 04:46:17,263
22514374,2024-04-05 06:31:10,263
22466508,2024-04-05 06:57:27,263
22514373,2024-04-05 06:59:10,263
22468536,2024-04-05 15:41:59,263
22468946,2024-04-05 18:27:03,263
22469710,2024-04-06 04:21:49,263
22469709,2024-04-06 04:35:49,263
22469711,2024-04-06 04:49:50,263
22470221,2024-04-06 04:49:50,263
22469856,2024-04-06 05:09:39,263
22469731,2024-04-06 05:28:44,263
22469732,2024-04-06 05:42:45,263
22469733,2024-04-06 05:56:46,263
22469861,2024-04-06 07:32:30,263
22470409,2024-04-06 17:44:52,263
22470445,2024-04-06 18:57:14,263
22470894,2024-04-07 04:57:28,263
22470923,2024-04-07 06:17:27,263
22471002,2024-04-07 06:46:39,263
22471004,2024-04-07 06:57:49,263
22471005,2024-04-07 07:02:00,263
22471010,2024-04-07 07:05:48,263
22481520,2024-04-07 19:55:33,263
22497164,2024-04-08 05:46:24,263
22497166,2024-04-08 05:59:47,263
22497173,2024-04-08 06:10:34,263
22497172,2024-04-08 06:10:47,263
22497184,2024-04-08 06:11:01,263
22497204,2024-04-08 06:19:36,263
22497201,2024-04-08 06:20:38,263
22497226,2024-04-08 06:52:40,263
22497243,2024-04-08 07:17:09,263
22497290,2024-04-08 08:04:04,263
22500855,2024-04-08 15:28:17,263
22502969,2024-04-08 18:08:14,263
22504643,2024-04-09 05:24:11,263
22506708,2024-04-09 05:24:26,263
22504644,2024-04-09 05:33:15,263
22506711,2024-04-09 05:37:58,263
22504695,2024-04-09 05:53:18,263
22504716,2024-04-09 06:08:04,263
22504705,2024-04-09 06:17:30,263
22504718,2024-04-09 06:22:05,263
22504719,2024-04-09 06:36:06,263
22504722,2024-04-09 06:40:16,263
22504737,2024-04-09 07:05:56,263
22504754,2024-04-09 08:10:27,263
22506798,2024-04-10 05:23:45,263
22506905,2024-04-10 05:46:45,263
22506911,2024-04-10 06:07:48,263
22506923,2024-04-10 06:09:14,263
22506913,2024-04-10 06:13:21,263
22506925,2024-04-10 06:23:15,263
22506924,2024-04-10 06:37:16,263
22506938,2024-04-10 07:09:38,263
22506985,2024-04-10 07:43:48,263
22507017,2024-04-10 08:33:32,263
22510783,2024-04-10 19:13:30,263
26222113,2024-10-27 13:55:30,265
26223141,2024-10-28 08:42:25,265
26223140,2024-10-28 08:58:39,265
26237597,2024-10-29 07:08:57,265
26264412,2024-11-02 07:11:11,265
26263934,2024-11-02 17:04:11,265
26264410,2024-11-03 07:54:51,265
26264413,2024-11-03 07:57:38,265
26264411,2024-11-03 08:02:53,265
26275675,2024-11-06 09:27:42,265
26277715,2024-11-06 10:00:50,265
27283554,2025-03-30 05:11:46,263
27283628,2025-03-30 06:34:38,263
27304484,2025-03-30 06:42:27,263
27283627,2025-03-30 06:48:38,263
27283629,2025-03-30 07:02:38,263
27283868,2025-03-30 08:52:00,263
27304483,2025-03-30 18:58:06,263
27305404,2025-03-31 05:22:29,263
27305569,2025-03-31 05:59:49,263
27305574,2025-03-31 06:13:49,263
27305577,2025-03-31 06:27:49,263
27305526,2025-03-31 06:34:02,263
27305563,2025-03-31 06:49:50,263
27305626,2025-03-31 07:09:11,263
27305621,2025-03-31 07:12:54,263
27305625,2025-03-31 07:23:12,263
27305624,2025-03-31 07:37:12,263
27305652,2025-03-31 08:14:38,263
27306173,2025-03-31 09:50:50,263
27305958,2025-03-31 10:03:44,263
27316109,2025-04-01 05:41:31,263
27316110,2025-04-01 05:55:31,263
27315936,2025-04-01 06:02:01,263
27315973,2025-04-01 06:03:57,263
27316108,2025-04-01 06:09:31,263
27315932,2025-04-01 06:16:02,263
27315975,2025-04-01 06:17:58,263
27315904,2025-04-01 06:18:57,263
27315901,2025-04-01 06:19:52,263
27315912,2025-04-01 06:23:43,263
27316001,2025-04-01 06:27:14,263
27315930,2025-04-01 06:30:03,263
27315972,2025-04-01 06:31:58,263
27316055,2025-04-01 06:33:04,263
27316030,2025-04-01 06:33:45,263
27315947,2025-04-01 06:37:03,263
27316002,2025-04-01 06:41:31,263
27316031,2025-04-01 06:47:46,263
27316054,2025-04-01 06:51:06,263
27316003,2025-04-01 06:55:48,263
27316032,2025-04-01 07:01:48,263
27316053,2025-04-01 07:20:45,263
27316647,2025-04-01 09:33:37,263
27318673,2025-04-01 15:31:35,263
27328073,2025-04-02 05:33:13,263
27322236,2025-04-02 05:43:56,263
27322238,2025-04-02 05:57:57,263
27322237,2025-04-02 06:11:58,263
27322232,2025-04-02 06:16:52,263
27322356,2025-04-02 06:18:15,263
27322250,2025-04-02 06:21:14,263
27322240,2025-04-02 06:21:15,263
27322254,2025-04-02 06:24:41,263
27322271,2025-04-02 06:30:15,263
27425595,2025-04-02 06:36:22,263
27322288,2025-04-02 06:37:28,263
27322398,2025-04-02 07:40:40,263
27322611,2025-04-02 09:11:05,263
27323808,2025-04-02 11:44:26,263
27329338,2025-04-03 04:18:19,263
27329343,2025-04-03 05:34:20,263
27329490,2025-04-03 06:12:04,263
27329491,2025-04-03 06:26:04,263
27329422,2025-04-03 06:28:33,263
27329547,2025-04-03 06:38:03,263
27329489,2025-04-03 06:40:04,263
27329661,2025-04-03 06:41:20,263
27329546,2025-04-03 06:52:04,263
27329662,2025-04-03 06:55:21,263
27329545,2025-04-03 07:06:06,263
27329663,2025-04-03 07:09:22,263
27329569,2025-04-03 07:35:20,263
27329581,2025-04-03 07:45:36,263
27335050,2025-04-03 14:47:14,263
27335672,2025-04-03 16:22:02,263
27341023,2025-04-04 05:27:04,263
27341115,2025-04-04 05:52:29,263
27341204,2025-04-04 05:58:25,263
27341053,2025-04-04 06:01:32,263
27341126,2025-04-04 06:02:01,263
27341116,2025-04-04 06:06:29,263
27341083,2025-04-04 06:07:39,263
27341088,2025-04-04 06:11:27,263
27341205,2025-04-04 06:12:26,263
27341226,2025-04-04 06:13:13,263
27341108,2025-04-04 06:13:45,263
27341127,2025-04-04 06:16:02,263
27341167,2025-04-04 06:17:59,263
27351311,2025-04-04 06:18:38,263
27341117,2025-04-04 06:20:29,263
27341206,2025-04-04 06:26:28,263
27341231,2025-04-04 06:27:14,263
27341128,2025-04-04 06:30:02,263
27341168,2025-04-04 06:32:00,263
27341439,2025-04-04 06:37:48,263
27341233,2025-04-04 06:41:14,263
27341165,2025-04-04 06:44:44,263
27341166,2025-04-04 06:46:01,263
27341437,2025-04-04 06:51:49,263
27341438,2025-04-04 07:05:50,263
27341494,2025-04-04 07:49:25,263
27341493,2025-04-04 08:03:25,263
27341321,2025-04-04 08:14:33,263
27341492,2025-04-04 08:17:25,263
27341919,2025-04-04 09:50:23,263
27348357,2025-04-04 14:08:11,263
27348573,2025-04-04 14:09:40,263
27349622,2025-04-04 17:53:24,263
27350256,2025-04-04 19:35:44,263
27351166,2025-04-05 05:15:29,263
27351167,2025-04-05 05:29:29,263
27351165,2025-04-05 05:43:29,263
27351114,2025-04-05 05:44:16,263
27351240,2025-04-05 05:49:05,263
27351113,2025-04-05 05:58:16,263
27351242,2025-04-05 06:03:10,263
27350993,2025-04-05 06:04:21,263
27351115,2025-04-05 06:12:16,263
27351127,2025-04-05 06:14:20,263
27351283,2025-04-05 06:15:09,263
27351241,2025-04-05 06:17:11,263
27351121,2025-04-05 06:17:48,263
27351049,2025-04-05 06:26:32,263
27351034,2025-04-05 06:28:08,263
27351282,2025-04-05 06:29:09,263
27351123,2025-04-05 06:31:49,263
27351259,2025-04-05 06:36:51,263
27351281,2025-04-05 06:43:09,263
27351122,2025-04-05 06:45:50,263
27351260,2025-04-05 06:50:52,263
27351261,2025-04-05 07:04:53,263
27351248,2025-04-05 07:27:29,263
27351250,2025-04-05 07:41:31,263
27351249,2025-04-05 07:55:32,263
27351269,2025-04-05 08:13:38,263
27486408,2025-04-05 09:25:26,263
27351333,2025-04-05 09:37:03,263
27351335,2025-04-05 09:39:12,263
27351598,2025-04-05 15:32:28,263
27380164,2025-04-05 21:03:18,263
27380733,2025-04-06 05:49:44,263
27380793,2025-04-06 06:01:33,263
27380740,2025-04-06 06:04:04,263
27380795,2025-04-06 06:15:33,263
27380970,2025-04-06 06:20:12,263
27380760,2025-04-06 06:23:22,263
27380794,2025-04-06 06:29:33,263
27380868,2025-04-06 06:33:08,263
27380971,2025-04-06 06:34:13,263
27380796,2025-04-06 06:43:48,263
27380867,2025-04-06 06:47:09,263
27380969,2025-04-06 06:48:14,263
27380801,2025-04-06 06:48:38,263
27380825,2025-04-06 06:51:08,263
27380866,2025-04-06 07:01:10,263
27380864,2025-04-06 07:33:46,263
27381000,2025-04-06 07:44:53,263
27638384,2025-04-06 07:58:54,263
27638383,2025-04-06 08:12:55,263
27381030,2025-04-06 09:33:29,263
27381129,2025-04-06 11:22:16,263
27381462,2025-04-06 15:36:23,263
27383250,2025-04-07 05:53:04,263
27383249,2025-04-07 06:07:05,263
27383217,2025-04-07 06:12:20,263
27383243,2025-04-07 06:15:39,263
27383251,2025-04-07 06:21:07,263
27383245,2025-04-07 06:22:25,263
27383218,2025-04-07 06:26:21,263
27383242,2025-04-07 06:29:40,263
27383153,2025-04-07 06:32:59,263
27383157,2025-04-07 06:33:27,263
27383246,2025-04-07 06:36:26,263
27383229,2025-04-07 06:39:55,263
27383219,2025-04-07 06:40:22,263
27383244,2025-04-07 06:43:42,263
27383248,2025-04-07 06:50:26,263
27383265,2025-04-07 07:01:53,263
27383714,2025-04-07 09:28:00,263
27388432,2025-04-07 17:30:14,263
27388924,2025-04-08 05:31:22,263
27388919,2025-04-08 05:45:22,263
27388981,2025-04-08 05:56:37,263
27388912,2025-04-08 05:59:22,263
27388913,2025-04-08 06:05:51,263
27389053,2025-04-08 06:10:18,263
27389049,2025-04-08 06:10:37,263
27388928,2025-04-08 06:12:39,263
27389026,2025-04-08 06:19:42,263
27389055,2025-04-08 06:24:18,263
27389047,2025-04-08 06:24:37,263
27389106,2025-04-08 06:31:49,263
27389023,2025-04-08 06:33:43,263
27389054,2025-04-08 06:38:18,263
27389019,2025-04-08 06:41:31,263
27389107,2025-04-08 06:45:50,263
27389022,2025-04-08 06:47:44,263
27389108,2025-04-08 06:59:51,263
27389139,2025-04-08 07:57:59,263
27389185,2025-04-08 08:19:36,263
27389953,2025-04-08 11:50:44,263
27397537,2025-04-09 05:07:33,263
27397550,2025-04-09 05:50:50,263
27397607,2025-04-09 05:53:38,263
27397651,2025-04-09 05:54:56,263
27397605,2025-04-09 06:07:38,263
27397573,2025-04-09 06:08:36,263
27397652,2025-04-09 06:08:56,263
27397575,2025-04-09 06:08:59,263
27397650,2025-04-09 06:13:22,263
27397606,2025-04-09 06:21:38,263
27397653,2025-04-09 06:22:56,263
27397720,2025-04-09 06:25:38,263
27397600,2025-04-09 06:25:42,263
27397745,2025-04-09 06:27:03,263
27397648,2025-04-09 06:27:23,263
27397718,2025-04-09 06:36:59,263
27397721,2025-04-09 06:39:39,263
27397649,2025-04-09 06:41:23,263
27398189,2025-04-09 06:45:42,263
27397660,2025-04-09 06:49:49,263
27397719,2025-04-09 06:51:00,263
27397722,2025-04-09 06:53:40,263
27398190,2025-04-09 06:59:58,263
27397717,2025-04-09 07:05:01,263
27398191,2025-04-09 07:14:15,263
27397797,2025-04-09 07:59:32,263
27399601,2025-04-09 11:30:16,263
27401897,2025-04-09 15:16:39,263
30007313,2025-10-27 07:12:05,265
30027065,2025-10-28 06:51:55,265
30032599,2025-10-29 07:21:03,265
30032817,2025-10-29 09:22:09,265
30075660,2025-10-29 15:48:18,265
30075658,2025-10-29 16:07:03,265
30075657,2025-10-29 16:11:02,265
30075656,2025-10-29 16:12:46,265
30075655,2025-10-29 16:18:47,265
30075654,2025-10-29 16:21:42,265
30043678,2025-10-30 14:24:29,265
30053257,2025-11-01 06:41:33,265
30053258,2025-11-01 07:20:40,265
30053294,2025-11-01 09:43:23,265
30054099,2025-11-02 08:11:42,265
30054102,2025-11-02 08:25:42,265
30054104,2025-11-02 08:39:42,265
30055505,2025-11-03 08:41:54,265
30055573,2025-11-03 09:49:11,265
30060180,2025-11-04 08:06:36,265
30066226,2025-11-05 06:47:49,265
30066862,2025-11-05 11:22:00,265
30071601,2025-11-05 15:46:34,265
30871106,2026-03-29 06:05:06,263
30871105,2026-03-29 06:19:06,263
30871107,2026-03-29 06:33:06,263
30871111,2026-03-29 06:42:35,263
30872690,2026-03-29 16:01:04,263
30872704,2026-03-29 16:44:14,263
30872744,2026-03-29 19:02:30,263
30872745,2026-03-29 19:12:01,263
30873434,2026-03-30 05:19:39,263
30873477,2026-03-30 06:14:36,263
30873476,2026-03-30 06:16:26,263
30873564,2026-03-30 06:34:50,263
30873565,2026-03-30 06:48:50,263
30873566,2026-03-30 07:02:50,263
30873579,2026-03-30 07:33:52,263
30874147,2026-03-30 09:26:47,263
30878453,2026-03-30 18:56:27,263
30880382,2026-03-31 06:06:31,263
30880385,2026-03-31 06:13:37,263
30880415,2026-03-31 06:18:58,263
30880387,2026-03-31 06:19:22,263
30880416,2026-03-31 06:33:01,263
30880410,2026-03-31 06:44:07,263
30880414,2026-03-31 06:47:05,263
30880411,2026-03-31 06:47:46,263
30880456,2026-03-31 08:02:30,263
30880463,2026-03-31 08:15:09,263
30881635,2026-03-31 11:23:52,263
30888078,2026-03-31 14:12:12,263
30889093,2026-03-31 17:54:09,263
30889132,2026-03-31 18:05:21,263
30890967,2026-04-01 05:26:08,263
30890968,2026-04-01 05:40:08,263
30890966,2026-04-01 05:54:08,263
30890952,2026-04-01 06:08:20,263
30890950,2026-04-01 06:08:32,263
30890982,2026-04-01 06:15:18,263
30890956,2026-04-01 06:16:06,263
30890979,2026-04-01 06:29:19,263
30890992,2026-04-01 06:55:56,263
30891000,2026-04-01 07:03:54,263
30891143,2026-04-01 07:08:21,263
30891015,2026-04-01 07:19:23,263
30891140,2026-04-01 07:22:22,263
30891130,2026-04-01 07:36:23,263
30891051,2026-04-01 07:39:36,263
30891050,2026-04-01 07:53:36,263
30891049,2026-04-01 08:04:28,263
30891052,2026-04-01 08:07:37,263
30891134,2026-04-01 09:32:45,263
30892468,2026-04-01 12:51:02,263
31018071,2026-04-01 17:21:10,263
31020308,2026-04-01 19:47:34,263
31021900,2026-04-02 05:39:22,263
31021898,2026-04-02 05:39:56,263
31022314,2026-04-02 05:52:09,263
31022058,2026-04-02 06:06:09,263
31021916,2026-04-02 06:17:03,263
31022048,2026-04-02 06:20:09,263
31021927,2026-04-02 06:30:00,263
31021945,2026-04-02 06:33:49,263
31021943,2026-04-02 06:42:35,263
31021955,2026-04-02 06:48:53,263
31022015,2026-04-02 06:51:34,263
31022040,2026-04-02 06:56:33,263
31022046,2026-04-02 07:03:46,263
31022013,2026-04-02 07:05:34,263
31022041,2026-04-02 07:10:33,263
31022045,2026-04-02 07:17:46,263
31022014,2026-04-02 07:19:34,263
31022039,2026-04-02 07:24:33,263
31022054,2026-04-02 07:30:08,263
31022047,2026-04-02 07:31:46,263
31022104,2026-04-02 07:48:02,263
31022064,2026-04-02 07:49:59,263
31022102,2026-04-02 08:02:03,263
31022103,2026-04-02 08:16:04,263
31022118,2026-04-02 08:37:35,263
31022216,2026-04-02 09:27:24,263
31029675,2026-04-02 14:14:19,263
31029275,2026-04-02 14:48:25,263
31036891,2026-04-02 19:33:17,263
31037075,2026-04-02 19:53:17,263
31037221,2026-04-03 04:44:16,263
31037218,2026-04-03 04:51:49,263
31037223,2026-04-03 04:58:17,263
31037219,2026-04-03 05:05:19,263
31037222,2026-04-03 05:12:18,263
31037224,2026-04-03 05:32:08,263
31037263,2026-04-03 05:50:17,263
31037265,2026-04-03 06:01:08,263
31037267,2026-04-03 06:06:51,263
31037279,2026-04-03 06:14:35,263
31037349,2026-04-03 06:35:56,263
31037296,2026-04-03 06:35:59,263
31037360,2026-04-03 06:40:59,263
31037350,2026-04-03 06:49:56,263
31037358,2026-04-03 06:55:00,263
31037325,2026-04-03 06:58:28,263
31037348,2026-04-03 07:03:56,263
31037341,2026-04-03 07:04:13,263
31037359,2026-04-03 07:09:01,263
31037369,2026-04-03 07:34:44,263
31037718,2026-04-03 07:52:36,263
31037717,2026-04-03 07:59:50,263
31037719,2026-04-03 08:03:17,263
31037731,2026-04-03 08:06:41,263
31037732,2026-04-03 08:13:08,263
31037733,2026-04-03 08:18:30,263
31037445,2026-04-03 09:15:10,263
31037469,2026-04-03 10:13:10,263
31037468,2026-04-03 10:16:56,263
31037785,2026-04-03 11:05:15,263
31037784,2026-04-03 11:54:27,263
31037783,2026-04-03 12:04:05,263
31037782,2026-04-03 12:18:32,263
31037781,2026-04-03 12:31:52,263
31037780,2026-04-03 12:50:49,263
31038458,2026-04-03 19:45:56,263
31039625,2026-04-03 20:14:11,263
31038523,2026-04-04 04:14:48,263
31038610,2026-04-04 05:33:02,263
31038608,2026-04-04 05:47:02,263
31038609,2026-04-04 06:01:02,263
31040003,2026-04-04 06:02:19,263
31038579,2026-04-04 06:12:44,263
31038572,2026-04-04 06:20:07,263
31038581,2026-04-04 06:26:44,263
31038656,2026-04-04 06:34:48,263
31038580,2026-04-04 06:40:44,263
31038646,2026-04-04 06:48:15,263
31038647,2026-04-04 07:02:16,263
31038645,2026-04-04 07:16:17,263
31038691,2026-04-04 08:09:41,263
31041075,2026-04-04 08:43:49,263
31039642,2026-04-04 16:48:40,263
31039688,2026-04-04 20:04:47,263
31040015,2026-04-05 05:15:58,263
31040018,2026-04-05 05:30:37,263
31040034,2026-04-05 05:59:30,263
31040030,2026-04-05 06:02:58,263
31040233,2026-04-05 06:04:17,263
31040035,2026-04-05 06:07:15,263
31040045,2026-04-05 06:07:45,263
31040046,2026-04-05 06:11:25,263
31040153,2026-04-05 06:17:55,263
31040232,2026-04-05 06:18:18,263
31040094,2026-04-05 06:21:11,263
31040092,2026-04-05 06:23:20,263
31040098,2026-04-05 06:27:27,263
31040152,2026-04-05 06:31:55,263
31040234,2026-04-05 06:32:19,263
31040154,2026-04-05 06:45:55,263
31040180,2026-04-05 06:53:28,263
31040179,2026-04-05 07:07:28,263
31040166,2026-04-05 07:09:11,263
31040181,2026-04-05 07:21:28,263
31040211,2026-04-05 07:49:58,263
31040715,2026-04-05 18:32:01,263
31040732,2026-04-05 19:10:32,263
31041190,2026-04-06 05:29:47,263
31041192,2026-04-06 05:43:47,263
31041191,2026-04-06 05:57:47,263
31040958,2026-04-06 06:01:18,263
31040972,2026-04-06 06:10:09,263
31040979,2026-04-06 06:24:23,263
31041218,2026-04-06 06:24:36,263
31040980,2026-04-06 06:24:51,263
31040987,2026-04-06 06:25:00,263
31057904,2026-04-06 06:25:00,263
31041056,2026-04-06 06:37:26,263
31041217,2026-04-06 06:38:36,263
31041017,2026-04-06 06:43:58,263
31041034,2026-04-06 06:49:16,263
31041057,2026-04-06 06:51:27,263
31041216,2026-04-06 06:52:36,263
31041042,2026-04-06 06:56:03,263
31041078,2026-04-06 07:03:48,263
31041058,2026-04-06 07:05:27,263
31041256,2026-04-06 07:05:57,263
31041258,2026-04-06 07:19:57,263
31041257,2026-04-06 07:33:58,263
31041183,2026-04-06 07:50:03,263
31041199,2026-04-06 07:52:08,263
31041234,2026-04-06 08:57:31,263
31041239,2026-04-06 09:04:48,263
31041246,2026-04-06 09:10:58,263
31041254,2026-04-06 09:25:29,263
31041289,2026-04-06 09:48:18,263
31041288,2026-04-06 10:02:18,263
31041290,2026-04-06 10:16:18,263
31041738,2026-04-06 15:16:10,263
31041806,2026-04-06 16:42:55,263
31041807,2026-04-06 16:56:55,263
31041814,2026-04-06 17:10:55,263
31042326,2026-04-07 05:39:12,263
31042327,2026-04-07 05:49:41,263
31042427,2026-04-07 06:07:37,263
31042362,2026-04-07 06:16:26,263
31042518,2026-04-07 06:18:37,263
31042359,2026-04-07 06:18:52,263
31042425,2026-04-07 06:21:38,263
31042519,2026-04-07 06:32:38,263
31042426,2026-04-07 06:35:39,263
31042517,2026-04-07 06:46:39,263
31042438,2026-04-07 06:50:18,263
31042450,2026-04-07 06:54:58,263
31042493,2026-04-07 07:03:31,263
31042541,2026-04-07 08:16:39,263
31042551,2026-04-07 08:32:41,263
31042975,2026-04-07 10:04:16,263
31043217,2026-04-07 11:00:43,263
31043890,2026-04-07 12:15:14,263
31050915,2026-04-08 05:31:07,263
31050962,2026-04-08 06:03:38,263
31050966,2026-04-08 06:04:25,263
31050967,2026-04-08 06:04:31,263
31050974,2026-04-08 06:07:53,263
31051043,2026-04-08 06:08:29,263
31051131,2026-04-08 06:09:02,263
31052236,2026-04-08 06:10:41,263
31050983,2026-04-08 06:12:25,263
31050997,2026-04-08 06:18:12,263
31051042,2026-04-08 06:22:29,263
31051132,2026-04-08 06:23:03,263
31051039,2026-04-08 06:33:17,263
31051041,2026-04-08 06:36:29,263
31051130,2026-04-08 06:37:04,263
31051064,2026-04-08 06:47:26,263
31051051,2026-04-08 06:49:49,263
31051089,2026-04-08 06:59:03,263
31051115,2026-04-08 07:26:20,263
31051125,2026-04-08 07:28:56,263
31051192,2026-04-08 07:44:43,263
31051206,2026-04-08 07:52:33,263
31051864,2026-04-08 08:56:35,263
31058641,2026-04-08 13:35:21,263
31058665,2026-04-08 13:41:37,263
31064938,2026-04-08 14:47:28,263
31064939,2026-04-08 14:52:36,263
31064943,2026-04-08 14:58:53,263
31064945,2026-04-08 15:05:30,263
31064946,2026-04-08 15:09:10,263
31064715,2026-04-08 15:09:23,263
31060725,2026-04-08 15:12:53,263
31065022,2026-04-08 15:13:13,263
31064714,2026-04-08 15:17:59,263
31064948,2026-04-08 15:20:32,263
31064713,2026-04-08 15:22:21,263
31064949,2026-04-08 15:24:40,263
31064712,2026-04-08 15:27:32,263
31064950,2026-04-08 15:27:36,263
31064955,2026-04-08 15:30:43,263
31064956,2026-04-08 15:34:03,263
31061211,2026-04-08 15:35:10,263
31064957,2026-04-08 15:38:12,263
31064711,2026-04-08 15:40:00,263
31064932,2026-04-08 15:43:32,263
31064959,2026-04-08 15:44:22,263
31064958,2026-04-08 15:49:25,263
31065014,2026-04-08 16:00:22,263
31061772,2026-04-08 16:00:28,263
31065009,2026-04-08 16:08:18,263
31061923,2026-04-08 16:10:32,263
31065010,2026-04-08 16:14:37,263
31064710,2026-04-08 16:16:23,263
31065012,2026-04-08 16:19:04,263
31065013,2026-04-08 16:23:10,263
31062087,2026-04-08 16:23:33,263
31062557,2026-04-08 16:28:41,263
31065015,2026-04-08 16:29:00,263
31065016,2026-04-08 16:36:48,263
31065017,2026-04-08 16:39:54,263
31064709,2026-04-08 16:47:25,263
31065018,2026-04-08 16:47:35,263
31064708,2026-04-08 16:51:31,263
31065019,2026-04-08 16:54:42,263
31062631,2026-04-08 16:56:04,263
31062655,2026-04-08 17:02:10,263
31062659,2026-04-08 17:06:45,263
31062669,2026-04-08 17:10:37,263
31062779,2026-04-08 17:15:14,263
31062836,2026-04-08 17:18:24,263
31062840,2026-04-08 17:21:27,263
31062856,2026-04-08 17:25:27,263
31062865,2026-04-08 17:28:49,263
31062880,2026-04-08 17:31:46,263
31062893,2026-04-08 17:35:27,263
31062984,2026-04-08 17:46:08,263
31063313,2026-04-08 17:50:49,263
31063343,2026-04-08 17:54:52,263
31063353,2026-04-08 17:57:21,263
31063368,2026-04-08 18:00:21,263
31063423,2026-04-08 18:09:03,263
22451876,2024-04-01 05:49:41,263
22452021,2024-04-01 07:10:33,263
22452019,2024-04-01 07:24:33,263
22452020,2024-04-01 07:38:33,263
22454828,2024-04-02 07:25:40,263
22454830,2024-04-02 07:39:40,263
22454829,2024-04-02 07:53:41,263
22466517,2024-04-05 06:43:59,263
22466516,2024-04-05 06:57:59,263
22466515,2024-04-05 07:11:59,263
22469862,2024-04-06 07:14:46,263
22469863,2024-04-06 07:28:47,263
22469864,2024-04-06 07:42:47,263
22497234,2024-04-08 06:15:39,263
22497235,2024-04-08 06:29:40,263
22497236,2024-04-08 06:43:40,263
22504746,2024-04-09 06:32:41,263
22504747,2024-04-09 06:46:41,263
22504749,2024-04-09 07:00:41,263
31037427,2026-04-03 08:22:53,263
27322287,2025-04-02 06:36:29,263
27329430,2025-04-03 06:38:21,263
27351459,2025-04-05 11:13:40,263
27383213,2025-04-07 06:44:30,263
27389034,2025-04-08 06:51:07,263
31037328,2026-04-03 06:32:39,263
31037329,2026-04-03 06:46:39,263
31037330,2026-04-03 07:00:39,263
31037347,2026-04-03 07:14:20,263
18804410,2022-11-01 10:23:37,265
19244069,2023-04-04 12:46:51,263
22055332,2023-11-06 15:36:09,265
22055333,2023-11-06 15:42:38,265
22055334,2023-11-06 15:58:02,265
22055335,2023-11-07 15:41:25,265
22055336,2023-11-08 12:31:17,265
22478948,2024-03-31 17:30:13,263
22478947,2024-04-03 15:11:24,263
22461721,2024-04-04 06:14:06,263
22461719,2024-04-04 06:14:26,263
22478946,2024-04-05 10:43:50,263
27304511,2025-03-30 20:07:15,263
27382722,2025-04-06 19:46:03,263
27383063,2025-04-07 05:54:32,263
27388899,2025-04-08 05:55:03,263
27397558,2025-04-09 05:56:25,263
27407376,2025-04-09 20:23:59,263
31022062,2026-04-02 07:10:34,263
31022060,2026-04-02 07:24:34,263
31022061,2026-04-02 07:38:34,263
31037317,2026-04-03 06:52:16,263
31037388,2026-04-03 07:05:24,263
31037386,2026-04-03 07:19:24,263
31037379,2026-04-03 07:33:25,263
31038652,2026-04-04 06:53:00,263
31038653,2026-04-04 07:07:00,263
31038651,2026-04-04 07:21:00,263
31038667,2026-04-04 07:42:39,263
31041108,2026-04-06 07:35:49,263
31041113,2026-04-06 07:40:26,263
31042357,2026-04-07 06:11:39,263
31050964,2026-04-08 06:04:16,263
30880388,2026-03-31 06:22:16,263
30890951,2026-04-01 06:12:48,263
31021910,2026-04-02 06:09:22,263
31040976,2026-04-06 06:23:56,263
27489291,2025-04-09 11:08:59,263
15496810,2022-03-30 06:33:22,263
27305728,2025-03-31 09:09:07,263
27316012,2025-04-01 06:55:30,263
27329785,2025-04-03 09:21:20,263
27351316,2025-04-05 09:00:06,263
27389218,2025-04-08 09:00:12,263
27397964,2025-04-09 08:54:15,263
19223123,2023-03-30 06:56:19,263
22511205,2024-04-06 07:12:00,263
22511213,2024-04-06 07:31:44,263
22504724,2024-04-09 06:42:04,263
27351462,2025-04-05 11:27:50,263
30871128,2026-03-29 06:27:06,263
30871127,2026-03-29 06:41:06,263
30871126,2026-03-29 06:55:07,263
30871131,2026-03-29 07:06:51,263
30871130,2026-03-29 07:20:52,263
30871129,2026-03-29 07:34:53,263
30871135,2026-03-29 07:45:01,263
30880435,2026-03-31 06:56:07,263
30880434,2026-03-31 07:10:08,263
30880433,2026-03-31 07:24:09,263
31038678,2026-04-02 06:45:58,263
31038677,2026-04-02 06:59:59,263
31038676,2026-04-02 07:14:00,263
31022070,2026-04-02 07:17:01,263
31022068,2026-04-02 07:31:01,263
31022069,2026-04-02 07:45:02,263
31037272,2026-04-03 06:11:42,263
31038674,2026-04-03 07:21:03,263
31038673,2026-04-03 07:35:04,263
31038668,2026-04-03 07:49:05,263
31038467,2026-04-03 19:29:27,263
31038466,2026-04-03 19:43:28,263
31038465,2026-04-03 19:57:29,263
31038564,2026-04-04 05:51:33,263
31038565,2026-04-04 06:05:34,263
31038566,2026-04-04 06:19:35,263
31038600,2026-04-04 07:01:56,263
31040126,2026-04-05 06:11:50,263
31040125,2026-04-05 06:25:51,263
31040289,2026-04-05 06:30:46,263
31040121,2026-04-05 06:39:52,263
31040288,2026-04-05 06:44:47,263
31040287,2026-04-05 06:58:48,263
31040144,2026-04-05 07:13:28,263
31040170,2026-04-05 07:24:19,263
31040286,2026-04-05 07:40:30,263
31040285,2026-04-05 07:54:31,263
31040284,2026-04-05 08:08:32,263
31041231,2026-04-06 06:30:38,263
31041230,2026-04-06 06:44:39,263
31041227,2026-04-06 06:58:40,263
31042504,2026-04-07 06:21:10,263
31042502,2026-04-07 06:35:11,263
31042501,2026-04-07 06:49:12,263
31042492,2026-04-07 07:14:40,263
31051219,2026-04-08 07:06:11,263
31051218,2026-04-08 07:20:12,263
31051216,2026-04-08 07:34:13,263
27283677,2025-03-30 08:13:58,263
27350254,2025-04-04 19:46:51,263
31040293,2026-04-05 10:35:08,263
15480887,2022-03-27 07:09:22,263
15522400,2022-04-02 06:29:56,263
26221486,2024-10-27 07:32:38,265
27283684,2025-03-30 07:31:56,263
27283647,2025-03-30 07:32:28,263
27283687,2025-03-30 07:45:56,263
27283856,2025-03-30 07:59:56,263
27304525,2025-03-30 20:10:18,263
27305721,2025-03-31 07:44:03,263
27315918,2025-04-01 06:25:40,263
27315929,2025-04-01 06:28:25,263
27315969,2025-04-01 06:41:16,263
27328891,2025-04-01 06:47:37,263
27328934,2025-04-01 07:01:38,263
27328937,2025-04-01 07:15:38,263
27328938,2025-04-02 06:08:56,263
27328939,2025-04-02 06:22:56,263
27328941,2025-04-02 06:36:56,263
27322354,2025-04-02 07:02:37,263
27329417,2025-04-03 06:28:29,263
27329568,2025-04-03 07:33:29,263
27329580,2025-04-03 07:43:51,263
27341281,2025-04-04 05:54:07,263
27351239,2025-04-04 06:00:15,263
27351244,2025-04-04 06:14:15,263
27341160,2025-04-04 06:14:53,263
27380118,2025-04-04 06:27:55,263
27351246,2025-04-04 06:28:15,263
27341190,2025-04-04 06:47:50,263
27341254,2025-04-04 07:36:41,263
27351014,2025-04-05 06:17:42,263
27351254,2025-04-05 07:02:32,263
27351258,2025-04-05 07:16:33,263
27351265,2025-04-05 07:30:33,263
27380119,2025-04-05 07:31:36,263
27380874,2025-04-06 07:04:15,263
27425338,2025-04-06 07:08:32,263
27380875,2025-04-06 07:18:16,263
27380835,2025-04-06 07:21:34,263
27425341,2025-04-06 07:22:32,263
27380876,2025-04-06 07:32:17,263
27425342,2025-04-06 07:36:32,263
27383070,2025-04-07 06:02:19,263
27408502,2025-04-07 06:10:07,263
27425356,2025-04-08 05:15:50,263
27425357,2025-04-08 05:29:50,263
27425359,2025-04-08 05:43:50,263
27388906,2025-04-08 05:59:40,263
27425361,2025-04-08 06:00:08,263
27425363,2025-04-08 06:14:08,263
27425364,2025-04-08 06:28:08,263
27408498,2025-04-08 06:35:35,263
27425366,2025-04-08 06:51:03,263
27425373,2025-04-08 07:05:03,263
27425375,2025-04-08 07:19:03,263
27389113,2025-04-08 07:31:28,263
27425381,2025-04-08 07:39:19,263
27397552,2025-04-09 05:50:49,263
27397556,2025-04-09 05:54:38,263
27397565,2025-04-09 06:01:11,263
27425383,2025-04-09 07:03:15,263
27397693,2025-04-09 07:06:16,263
27425911,2025-04-09 07:17:15,263
27426109,2025-04-09 07:31:16,263
30880544,2026-03-31 08:28:40,263
30891014,2026-04-01 07:16:06,263
31021954,2026-04-02 06:46:48,263
31037368,2026-04-03 07:24:48,263
31038679,2026-04-04 07:36:22,263
31040244,2026-04-05 08:29:40,263
31041210,2026-04-06 08:17:21,263
31042521,2026-04-07 07:43:18,263
31061956,2026-04-08 16:08:32,263
30871124,2026-03-29 07:29:14,263
22466499,2024-04-05 06:46:14,263
27328820,2025-04-02 20:13:31,263
27328822,2025-04-02 20:19:14,263
27341215,2025-04-04 07:07:35,263
27329414,2025-04-03 06:23:39,263
27329429,2025-04-03 06:35:13,263
27329434,2025-04-03 06:40:07,263
27329449,2025-04-03 06:45:34,263
27388958,2025-04-08 06:25:18,263
27388982,2025-04-08 06:37:18,263
27389016,2025-04-08 06:45:14,263
27389042,2025-04-08 06:52:18,263
31022010,2026-04-02 07:07:31,263
31022018,2026-04-02 07:25:15,263
31037314,2026-04-03 06:17:02,263
31037313,2026-04-03 06:31:02,263
31037312,2026-04-03 06:45:02,263
15485806,2022-03-28 05:36:49,263
15485805,2022-03-28 05:50:50,263
15485804,2022-03-28 06:04:51,263
15489815,2022-03-29 05:36:42,263
15489816,2022-03-29 05:50:44,263
15489817,2022-03-29 06:04:45,263
15496802,2022-03-30 05:37:50,263
15496801,2022-03-30 05:51:51,263
15496800,2022-03-30 06:05:53,263
15550390,2022-04-04 05:39:13,263
15550388,2022-04-04 05:53:14,263
15550389,2022-04-04 06:07:15,263
15553622,2022-04-05 05:38:10,263
15553624,2022-04-05 05:52:11,263
15553623,2022-04-05 06:06:12,263
15556644,2022-04-06 05:48:41,263
15556643,2022-04-06 06:02:42,263
15556642,2022-04-06 06:16:43,263
19226751,2023-03-31 05:29:52,263
19226752,2023-03-31 05:43:53,263
19226753,2023-03-31 05:57:54,263
19228850,2023-04-01 05:45:54,263
19228852,2023-04-01 05:59:55,263
19228851,2023-04-01 06:13:56,263
19231549,2023-04-03 05:27:14,263
19231551,2023-04-03 05:41:15,263
19231550,2023-04-03 05:55:17,263
19243679,2023-04-04 05:23:33,263
19243678,2023-04-04 05:37:34,263
19243677,2023-04-04 05:51:35,263
19244928,2023-04-05 05:27:09,263
19244929,2023-04-05 05:41:10,263
19244930,2023-04-05 05:55:11,263
22454748,2024-04-02 05:51:45,263
22459841,2024-04-03 05:54:14,263
22461712,2024-04-04 05:47:44,263
22528087,2024-04-05 05:22:10,263
22469842,2024-04-06 04:47:12,263
22469841,2024-04-06 05:01:13,263
22469843,2024-04-06 05:15:14,263
22470909,2024-04-07 04:26:48,263
22470910,2024-04-07 04:40:49,263
22470911,2024-04-07 04:54:50,263
22497163,2024-04-08 05:14:01,263
22497162,2024-04-08 05:28:02,263
22497161,2024-04-08 05:42:03,263
22504690,2024-04-09 05:14:14,263
22504689,2024-04-09 05:28:15,263
22504691,2024-04-09 05:42:16,263
22506903,2024-04-10 05:17:02,263
22506904,2024-04-10 05:31:03,263
22506902,2024-04-10 05:45:04,263
27283605,2025-03-30 05:28:22,263
27283606,2025-03-30 05:42:23,263
27283607,2025-03-30 05:56:24,263
27305403,2025-03-31 05:15:10,263
27315837,2025-04-01 05:13:42,263
27315928,2025-04-01 06:31:46,263
27322191,2025-04-02 05:19:06,263
27329360,2025-04-03 05:49:59,263
27341015,2025-04-04 05:17:30,263
27351009,2025-04-05 06:12:36,263
27380817,2025-04-06 06:59:03,263
27380869,2025-04-06 07:46:20,263
27383052,2025-04-07 05:12:03,263
27383053,2025-04-07 05:26:04,263
27383059,2025-04-07 05:48:39,263
27388860,2025-04-08 05:16:45,263
27388896,2025-04-08 05:47:53,263
27397538,2025-04-09 05:15:43,263
27397547,2025-04-09 05:48:58,263
27397554,2025-04-09 05:52:41,263
31037391,2026-04-03 07:54:54,263
31038598,2026-04-04 06:58:24,263
31041221,2026-04-06 08:39:25,263
31042324,2026-04-07 05:45:22,263
31050949,2026-04-08 05:44:29,263
19217378,2023-03-28 07:22:07,263
19219848,2023-03-29 06:48:47,263
19226754,2023-03-31 06:06:22,263
19226762,2023-03-31 06:23:09,263
19226763,2023-03-31 06:37:53,263
19226761,2023-03-31 06:51:55,263
19230302,2023-04-02 07:22:51,263
19230332,2023-04-02 07:50:30,263
19245392,2023-04-05 13:21:28,263
22466491,2024-04-05 06:13:18,263
22470929,2024-04-07 06:19:58,263
22497223,2024-04-08 06:09:18,263
22497225,2024-04-08 06:23:19,263
22497224,2024-04-08 06:37:20,263
22497217,2024-04-08 06:43:25,263
22504714,2024-04-09 06:34:32,263
27322592,2025-04-02 08:59:06,263
27323396,2025-04-02 10:15:36,263
27329374,2025-04-03 06:08:16,263
27349623,2025-04-04 17:52:44,263
30075653,2025-10-31 06:47:55,265
30075652,2025-10-31 07:10:48,265
30890995,2026-04-01 06:24:49,263
31040020,2026-04-05 05:38:59,263
31041079,2026-04-06 07:12:32,263
31041207,2026-04-06 08:12:34,263
31043113,2026-04-07 07:04:38,263
31043104,2026-04-07 07:18:38,263
31043095,2026-04-07 07:32:38,263
27316590,2025-04-01 08:46:50,263
27316592,2025-04-01 09:00:51,263
27316591,2025-04-01 09:14:52,263
27351280,2025-04-05 08:01:56,263
27351278,2025-04-05 08:15:57,263
27351279,2025-04-05 08:29:58,263
27387849,2025-04-07 17:43:29,263
27387851,2025-04-07 17:57:30,263
27387850,2025-04-07 18:11:31,263
27388920,2025-04-08 06:09:41,263
31038471,2026-04-03 10:06:14,263
15480889,2022-03-27 07:45:09,263
22471052,2024-04-07 06:02:32,263
22471074,2024-04-07 06:15:02,263
22471050,2024-04-07 06:16:33,263
22471053,2024-04-07 06:30:34,263
22497248,2024-04-08 06:09:45,263
22497247,2024-04-08 06:23:46,263
22497245,2024-04-08 06:37:47,263
27283863,2025-03-30 07:52:37,263
27283669,2025-03-30 08:06:14,263
27283864,2025-03-30 08:06:37,263
27283865,2025-03-30 08:20:37,263
27305553,2025-03-31 05:51:59,263
27305552,2025-03-31 06:05:59,263
27305551,2025-03-31 06:19:59,263
27305544,2025-03-31 06:38:20,263
27305631,2025-03-31 07:10:11,263
27305630,2025-03-31 07:24:12,263
27305623,2025-03-31 07:38:13,263
27315935,2025-04-01 05:56:03,263
27315934,2025-04-01 06:10:03,263
27315933,2025-04-01 06:24:03,263
27316000,2025-04-01 06:55:28,263
27322264,2025-04-02 05:25:00,263
27322262,2025-04-02 05:39:00,263
27322263,2025-04-02 05:53:00,263
27322312,2025-04-02 06:12:23,263
27322308,2025-04-02 06:26:24,263
27322303,2025-04-02 06:40:25,263
27322406,2025-04-02 06:50:15,263
27322405,2025-04-02 07:04:15,263
27322404,2025-04-02 07:18:15,263
27329357,2025-04-03 05:13:44,263
27329358,2025-04-03 05:27:44,263
27329359,2025-04-03 05:41:44,263
27329476,2025-04-03 05:51:59,263
27329478,2025-04-03 06:05:59,263
27329461,2025-04-03 06:16:15,263
27329477,2025-04-03 06:19:59,263
27329462,2025-04-03 06:30:16,263
27329481,2025-04-03 06:43:21,263
27329467,2025-04-03 06:44:17,263
27329564,2025-04-03 06:55:58,263
27329565,2025-04-03 07:09:58,263
27329563,2025-04-03 07:23:58,263
27341089,2025-04-04 05:21:38,263
27341091,2025-04-04 05:35:38,263
27341090,2025-04-04 05:49:38,263
27341084,2025-04-04 06:05:08,263
27472715,2025-04-04 06:06:00,263
27341176,2025-04-04 06:10:22,263
27470933,2025-04-04 06:13:04,263
27341122,2025-04-04 06:23:38,263
27341189,2025-04-04 06:24:23,263
27341201,2025-04-04 06:38:24,263
27341182,2025-04-04 06:38:50,263
27341266,2025-04-04 07:03:09,263
27346971,2025-04-04 07:03:09,263
27341257,2025-04-04 07:17:10,263
27341262,2025-04-04 07:31:10,263
27341255,2025-04-04 07:31:10,263
27342021,2025-04-04 10:47:43,263
27348702,2025-04-04 14:27:21,263
27470932,2025-04-04 20:07:37,263
27351192,2025-04-05 07:28:10,263
27351226,2025-04-05 07:36:49,263
27351300,2025-04-05 07:58:23,263
27351298,2025-04-05 08:12:24,263
27351297,2025-04-05 08:26:25,263
27470931,2025-04-05 08:56:19,263
27351331,2025-04-05 09:31:24,263
27381140,2025-04-05 13:32:44,263
27380759,2025-04-06 06:27:20,263
27380833,2025-04-06 06:34:40,263
27380844,2025-04-06 07:02:17,263
27380845,2025-04-06 07:16:18,263
27380836,2025-04-06 07:22:33,263
27380846,2025-04-06 07:30:19,263
27470930,2025-04-06 07:36:56,263
27380968,2025-04-06 07:41:06,263
27380880,2025-04-06 07:45:45,263
27470929,2025-04-06 07:46:29,263
27380972,2025-04-06 07:55:07,263
27380974,2025-04-06 08:09:08,263
27381025,2025-04-06 08:33:52,263
27381026,2025-04-06 08:47:52,263
27381027,2025-04-06 09:01:52,263
27381184,2025-04-06 13:12:12,263
27383034,2025-04-07 04:50:20,263
27383033,2025-04-07 05:04:20,263
27383035,2025-04-07 05:18:20,263
27383060,2025-04-07 05:26:06,263
27383061,2025-04-07 05:40:06,263
27383062,2025-04-07 05:54:06,263
27383106,2025-04-07 06:09:15,263
27383279,2025-04-07 06:25:03,263
27383197,2025-04-07 06:34:14,263
27383207,2025-04-07 06:37:17,263
27383273,2025-04-07 06:39:04,263
27383272,2025-04-07 06:53:05,263
27383315,2025-04-07 07:16:00,263
27383363,2025-04-07 07:20:28,263
27387951,2025-04-07 07:30:00,263
27383367,2025-04-07 07:34:28,263
27383369,2025-04-07 07:48:29,263
27384952,2025-04-07 11:43:13,263
27384588,2025-04-07 11:51:13,263
27384902,2025-04-07 12:34:10,263
27384937,2025-04-07 12:37:56,263
27388977,2025-04-08 05:44:22,263
27388909,2025-04-08 05:56:33,263
27388976,2025-04-08 05:58:22,263
27388978,2025-04-08 06:12:22,263
27388980,2025-04-08 06:32:02,263
27389072,2025-04-08 06:37:20,263
27389012,2025-04-08 06:44:50,263
27389074,2025-04-08 06:51:21,263
27389056,2025-04-08 06:59:39,263
27389116,2025-04-08 07:02:20,263
27389077,2025-04-08 07:05:22,263
27389120,2025-04-08 07:16:20,263
27395280,2025-04-08 14:54:06,263
27470928,2025-04-08 16:18:43,263
27397564,2025-04-09 05:56:23,263
27404536,2025-04-09 06:12:34,263
27397677,2025-04-09 06:12:34,263
27397666,2025-04-09 06:13:48,263
27470927,2025-04-09 06:23:23,263
27404535,2025-04-09 06:26:34,263
27397669,2025-04-09 06:27:49,263
27397622,2025-04-09 06:32:14,263
27397676,2025-04-09 06:41:50,263
27397662,2025-04-09 06:47:20,263
27397668,2025-04-09 06:52:54,263
27397694,2025-04-09 07:06:28,263
27397744,2025-04-09 07:20:57,263
27397846,2025-04-09 08:52:00,263
27400631,2025-04-09 13:05:46,263
27463099,2025-04-09 14:03:17,263
27470904,2025-04-09 14:41:00,263
27402848,2025-04-09 16:04:09,263
27407368,2025-04-09 19:42:10,263
30872367,2026-03-29 08:13:28,263
30872368,2026-03-29 08:27:28,263
30872369,2026-03-29 08:41:28,263
30872432,2026-03-29 13:11:44,263
30874100,2026-03-30 07:17:20,263
30874099,2026-03-30 08:48:14,263
30878431,2026-03-30 19:00:35,263
30880449,2026-03-31 07:47:28,263
30880451,2026-03-31 07:57:07,263
30891013,2026-04-01 06:48:30,263
30891012,2026-04-01 07:02:31,263
30891011,2026-04-01 07:17:27,263
30891017,2026-04-01 07:21:13,263
30892970,2026-04-01 13:59:02,263
31021967,2026-04-02 06:07:08,263
31021965,2026-04-02 06:21:08,263
31021966,2026-04-02 06:35:08,263
31021956,2026-04-02 06:48:06,263
31021960,2026-04-02 06:52:38,263
31022053,2026-04-02 06:58:17,263
31022309,2026-04-02 07:05:35,263
31022044,2026-04-02 07:12:18,263
31022043,2026-04-02 07:26:19,263
31037299,2026-04-03 06:09:51,263
31037300,2026-04-03 06:23:51,263
31037301,2026-04-03 06:37:51,263
31037437,2026-04-03 07:57:41,263
31037438,2026-04-03 08:11:41,263
31037436,2026-04-03 08:25:41,263
31038590,2026-04-04 06:22:26,263
31038589,2026-04-04 06:36:26,263
31038591,2026-04-04 06:50:26,263
31038637,2026-04-04 07:23:31,263
31039543,2026-04-04 14:25:21,263
31040123,2026-04-05 06:07:52,263
31040122,2026-04-05 06:21:52,263
31040124,2026-04-05 06:35:52,263
31040206,2026-04-05 07:13:57,263
31040205,2026-04-05 07:27:57,263
31040185,2026-04-05 07:29:54,263
31040207,2026-04-05 07:41:57,263
31041028,2026-04-06 06:07:47,263
31041005,2026-04-06 06:10:38,263
31041027,2026-04-06 06:21:47,263
31041006,2026-04-06 06:24:39,263
31041026,2026-04-06 06:35:47,263
31041004,2026-04-06 06:38:39,263
31041248,2026-04-06 09:24:33,263
31041684,2026-04-06 14:01:48,263
31042457,2026-04-07 06:08:30,263
31042458,2026-04-07 06:22:30,263
31042456,2026-04-07 06:36:30,263
31042546,2026-04-07 06:46:24,263
31042487,2026-04-07 07:15:04,263
31050951,2026-04-08 05:15:36,263
31050953,2026-04-08 05:29:36,263
31050952,2026-04-08 05:43:36,263
31051001,2026-04-08 05:50:10,263
31051002,2026-04-08 06:04:10,263
31051000,2026-04-08 06:18:10,263
31051077,2026-04-08 06:24:33,263
31051079,2026-04-08 06:38:33,263
31051078,2026-04-08 06:52:33,263
31051210,2026-04-08 07:05:20,263
31051204,2026-04-08 07:07:45,263
31051212,2026-04-08 07:19:20,263
31051202,2026-04-08 07:21:46,263
31051211,2026-04-08 07:33:21,263
31051203,2026-04-08 07:35:47,263
27322468,2025-04-02 08:10:45,263
31349692,2026-04-02 05:34:06,263
31349688,2026-04-02 05:48:06,263
31022464,2026-04-02 06:02:06,263
31036785,2026-04-02 18:12:12,263
19223406,2023-03-26 09:06:27,263
19223347,2023-03-26 17:37:12,263
19223345,2023-03-30 10:48:38,263
19230352,2023-03-31 10:14:10,263
19229621,2023-04-01 19:11:06,263
15489820,2022-03-29 06:17:56,263
27288252,2025-03-30 16:53:48,263
27305515,2025-03-31 06:12:29,263
27338802,2025-04-03 20:03:24,263
27338621,2025-04-03 20:03:31,263
27341123,2025-04-04 06:30:44,263
27382661,2025-04-06 18:52:05,263
27383120,2025-04-07 06:20:12,263
19223124,2023-03-30 06:56:05,263
22505072,2024-04-09 09:05:44,263
22469927,2024-04-06 09:06:45,263
27329370,2025-04-03 05:44:30,263
27351170,2025-04-05 07:17:15,263
27383069,2025-04-07 05:45:20,263
27389029,2025-04-08 05:45:10,263
27397599,2025-04-09 05:42:16,263
31038552,2026-04-04 06:11:25,263
31038577,2026-04-04 06:40:54,263
31042353,2026-04-07 05:55:07,263
27283662,2025-03-30 07:40:50,263
27305522,2025-03-31 06:26:10,263
27315962,2025-04-01 06:38:11,263
27322274,2025-04-02 06:33:20,263
27322310,2025-04-02 06:43:30,263
27322335,2025-04-02 06:51:48,263
27322353,2025-04-02 07:03:44,263
27329391,2025-04-03 06:15:32,263
27341177,2025-04-04 06:50:15,263
27351008,2025-04-05 05:57:26,263
27380737,2025-04-06 05:59:55,263
27383211,2025-04-07 06:44:31,263
27389007,2025-04-08 06:37:39,263
27397633,2025-04-09 06:28:27,263
30872362,2026-03-29 08:50:13,263
30872361,2026-03-29 09:04:17,263
30872360,2026-03-29 09:18:20,263
30873588,2026-03-30 06:04:30,263
30873590,2026-03-30 06:18:33,263
30873589,2026-03-30 06:32:37,263
30880461,2026-03-31 07:07:56,263
30880462,2026-03-31 07:22:00,263
30880460,2026-03-31 07:36:04,263
30891024,2026-04-01 06:40:41,263
30891026,2026-04-01 06:54:45,263
30891025,2026-04-01 07:08:48,263
31022035,2026-04-02 06:29:58,263
31022036,2026-04-02 06:43:59,263
31022034,2026-04-02 06:58:05,263
31028626,2026-04-02 14:45:33,263
31037302,2026-04-03 06:43:13,263
31037421,2026-04-03 07:04:54,263
31037422,2026-04-03 07:18:57,263
31037420,2026-04-03 07:33:01,263
31037482,2026-04-03 09:54:37,263
31037481,2026-04-03 10:08:40,263
31037483,2026-04-03 10:22:44,263
31039023,2026-04-04 07:09:19,263
31039024,2026-04-04 07:23:22,263
31039025,2026-04-04 07:37:26,263
31040077,2026-04-05 06:15:21,263
31040115,2026-04-05 06:41:27,263
31040230,2026-04-05 07:25:35,263
31040229,2026-04-05 07:39:39,263
31040231,2026-04-05 07:53:42,263
31040609,2026-04-05 16:36:00,263
31041196,2026-04-06 07:25:06,263
31041197,2026-04-06 07:39:10,263
31041198,2026-04-06 07:53:13,263
31042475,2026-04-07 06:23:48,263
31042477,2026-04-07 06:37:52,263
31042476,2026-04-07 06:51:55,263
31051267,2026-04-08 05:51:18,263
31051265,2026-04-08 06:05:22,263
31051266,2026-04-08 06:19:25,263
19243710,2023-04-04 07:31:59,263
21964390,2023-10-31 06:20:56,265
21995692,2023-11-02 06:13:16,265
22010686,2023-11-03 07:04:22,265
22011265,2023-11-04 07:07:08,265
22018124,2023-11-05 07:03:46,265
22034281,2023-11-06 06:31:15,265
22037520,2023-11-07 06:17:02,265
22040374,2023-11-08 06:58:18,265
22435156,2024-03-31 07:11:48,263
22454808,2024-04-02 06:55:18,263
22454814,2024-04-02 07:29:01,263
22459852,2024-04-03 06:34:21,263
22459914,2024-04-03 07:37:16,263
22461725,2024-04-04 06:30:02,263
22466507,2024-04-05 06:59:45,263
22469737,2024-04-06 06:20:40,263
22504720,2024-04-09 06:39:28,263
27283969,2025-03-30 09:36:05,263
27304621,2025-03-30 19:59:27,263
27305524,2025-03-31 06:29:39,263
27316235,2025-04-01 08:35:20,263
27322357,2025-04-02 07:06:01,263
27322503,2025-04-02 08:16:51,263
27325969,2025-04-02 15:46:43,263
27326078,2025-04-02 16:09:02,263
27334993,2025-04-03 07:16:32,263
27335322,2025-04-03 15:32:44,263
27380965,2025-04-06 07:42:20,263
27389130,2025-04-07 05:48:53,263
27389129,2025-04-08 07:45:56,263
30872371,2026-03-29 09:04:19,263
30878463,2026-03-30 19:35:30,263
31022027,2026-04-02 07:29:50,263
31037332,2026-04-03 07:13:08,263
31040151,2026-04-05 07:05:31,263
31042328,2026-04-07 05:50:42,263
31042332,2026-04-07 05:53:55,263
27322434,2025-04-02 06:44:33,263
27322432,2025-04-02 06:58:34,263
27322433,2025-04-02 07:12:35,263
27351266,2025-04-05 07:10:50,263
27351268,2025-04-05 07:24:51,263
27351267,2025-04-05 07:38:52,263
30874098,2026-03-30 08:39:29,263
31022119,2026-04-02 08:39:21,263
31050950,2026-04-08 05:44:20,263
27397588,2025-04-09 05:59:54,263
9812465,2021-04-02 08:00:00,263
22470357,2024-04-06 16:50:01,263
22471124,2024-04-07 09:37:35,263
27351428,2025-04-05 10:08:05,263
22471048,2024-04-07 06:16:08,263
22471047,2024-04-07 06:30:08,263
22471049,2024-04-07 06:44:09,263
30060138,2025-11-04 06:51:06,265
30871112,2026-03-29 06:49:49,263
31037339,2026-04-03 07:10:02,263
31041012,2026-04-06 06:08:12,263
31041011,2026-04-06 06:22:29,263
31041010,2026-04-06 06:36:46,263
31042446,2026-04-07 05:59:02,263
31042444,2026-04-07 06:13:19,263
31042445,2026-04-07 06:27:36,263
19212031,2023-03-27 06:07:20,263
19217360,2023-03-28 05:55:58,263
19219839,2023-03-29 05:59:23,263
19230258,2023-04-02 06:36:33,263
22439890,2024-03-31 19:14:30,263
22451882,2024-04-01 06:33:58,263
22460056,2024-04-03 08:52:27,263
22460057,2024-04-03 09:06:28,263
22460058,2024-04-03 09:20:29,263
22469727,2024-04-06 05:50:36,263
22469840,2024-04-06 06:41:20,263
22470932,2024-04-07 06:20:41,263
27305548,2025-03-31 05:58:29,263
27305547,2025-03-31 06:12:29,263
27305546,2025-03-31 06:26:29,263
27315891,2025-04-01 06:13:39,263
27316118,2025-04-01 06:20:00,263
27316119,2025-04-01 06:34:00,263
27316117,2025-04-01 06:48:00,263
27322221,2025-04-02 05:49:16,263
27322492,2025-04-02 06:25:18,263
27322491,2025-04-02 06:39:18,263
27322493,2025-04-02 06:53:19,263
27329356,2025-04-03 05:43:59,263
27329362,2025-04-03 05:53:06,263
27329363,2025-04-03 05:57:36,263
27329379,2025-04-03 06:13:09,263
27341041,2025-04-04 05:46:08,263
27350987,2025-04-05 05:47:28,263
27351232,2025-04-05 06:11:54,263
27351233,2025-04-05 06:25:54,263
27351234,2025-04-05 06:39:54,263
27380730,2025-04-06 05:46:53,263
27380739,2025-04-06 06:02:35,263
27383057,2025-04-07 05:47:05,263
27383333,2025-04-07 06:16:25,263
27383332,2025-04-07 06:30:25,263
27383334,2025-04-07 06:44:25,263
27388895,2025-04-08 05:47:12,263
27389143,2025-04-08 06:39:32,263
27389141,2025-04-08 06:53:32,263
27389142,2025-04-08 07:07:33,263
27397602,2025-04-09 05:35:11,263
27397601,2025-04-09 05:49:11,263
27397561,2025-04-09 05:59:30,263
27397603,2025-04-09 06:03:11,263
31021899,2026-04-02 05:42:27,263
31021901,2026-04-02 05:44:07,263
31021902,2026-04-02 05:56:17,263
31021921,2026-04-02 06:21:34,263
31021920,2026-04-02 06:21:44,263
31037275,2026-04-03 05:31:59,263
31037274,2026-04-03 05:45:59,263
31037256,2026-04-03 05:50:05,263
31037276,2026-04-03 05:59:59,263
31037373,2026-04-03 06:50:38,263
31037374,2026-04-03 07:04:42,263
31037375,2026-04-03 07:18:45,263
31038547,2026-04-04 06:09:38,263
31038571,2026-04-04 06:32:56,263
31038576,2026-04-04 06:45:04,263
31039063,2026-04-04 09:40:15,263
31040023,2026-04-05 05:46:45,263
31040083,2026-04-05 06:19:37,263
31040982,2026-04-06 05:16:43,263
31040984,2026-04-06 05:30:47,263
31040983,2026-04-06 05:44:50,263
31040940,2026-04-06 05:51:56,263
31040969,2026-04-06 06:10:15,263
31041001,2026-04-06 06:36:45,263
31041025,2026-04-06 06:47:14,263
31041031,2026-04-06 06:49:04,263
31041036,2026-04-06 06:54:06,263
31041043,2026-04-06 06:57:21,263
31042331,2026-04-07 05:54:08,263
31042386,2026-04-07 06:32:23,263
31066706,2026-04-07 06:44:24,263
31042421,2026-04-07 06:50:35,263
31042419,2026-04-07 06:51:31,263
31050955,2026-04-08 05:52:48,263
31051030,2026-04-08 05:59:30,263
31051031,2026-04-08 06:13:33,263
31051032,2026-04-08 06:27:37,263
31051057,2026-04-08 06:53:39,263
22454843,2024-03-31 06:22:39,263
27305501,2025-03-31 06:07:11,263
31037268,2026-04-03 06:07:10,263
31037269,2026-04-03 06:10:43,263
31040097,2026-04-05 06:28:25,263
31040967,2026-04-06 06:12:22,263
31042320,2026-04-07 05:37:25,263
27439702,2025-03-31 07:53:18,263
30987406,2026-03-31 06:45:48,263
30987400,2026-03-31 07:26:16,263
30963632,2026-04-01 06:44:36,263
31039040,2026-04-02 06:52:32,263
31037441,2026-04-03 09:07:22,263
31041260,2026-04-06 06:05:15,263
31041267,2026-04-06 06:19:16,263
31041275,2026-04-06 06:33:17,263
31041268,2026-04-06 09:42:11,263
31080420,2026-04-08 06:47:42,263
15480858,2022-03-27 05:34:47,263
15480878,2022-03-27 05:41:24,263
15486322,2022-03-28 07:21:02,263
15487810,2022-03-28 15:57:13,263
15488284,2022-03-28 18:55:30,263
31050917,2026-04-08 05:38:05,263
31063447,2026-04-08 18:20:53,263
27341289,2025-04-04 07:59:40,263
27342008,2025-04-04 10:38:46,263
15511319,2022-03-31 11:09:15,263
15566321,2022-03-31 11:24:14,263
15517611,2022-03-31 17:30:28,263
15519128,2022-04-01 06:51:55,263
15519138,2022-04-01 07:29:02,263
15519176,2022-04-01 07:40:28,263
15728379,2022-04-01 07:50:27,263
19211313,2023-03-26 15:11:49,263
22497316,2024-04-08 08:13:44,263
22504721,2024-04-09 06:35:13,263
22505035,2024-04-09 09:05:30,263
22505215,2024-04-09 09:05:42,263
22505568,2024-04-09 09:05:44,263
22505030,2024-04-09 09:05:44,263
22505014,2024-04-09 09:05:44,263
22504763,2024-04-09 09:05:45,263
22516738,2024-04-09 09:05:47,263
22505054,2024-04-09 09:05:49,263
22505236,2024-04-09 09:05:49,263
22504764,2024-04-09 09:05:50,263
22505026,2024-04-09 10:06:00,263
22505200,2024-04-09 10:07:00,263
22505033,2024-04-09 10:07:42,263
22516737,2024-04-09 10:07:48,263
22505006,2024-04-09 10:09:14,263
22505177,2024-04-09 10:09:17,263
22504932,2024-04-09 10:09:35,263
22505235,2024-04-09 10:09:42,263
22505023,2024-04-09 10:09:44,263
22505075,2024-04-09 10:09:44,263
22505017,2024-04-09 10:09:45,263
22505214,2024-04-09 10:09:45,263
22505028,2024-04-09 10:09:49,263
22516736,2024-04-09 10:09:49,263
22504918,2024-04-09 10:09:49,263
22505076,2024-04-09 10:09:59,263
22505198,2024-04-09 10:11:15,263
22505022,2024-04-09 10:12:13,263
22516735,2024-04-09 10:14:06,263
22505020,2024-04-09 10:14:09,263
22505197,2024-04-09 10:14:40,263
22504934,2024-04-09 10:15:33,263
22505092,2024-04-09 10:15:44,263
22505038,2024-04-09 10:15:45,263
22505073,2024-04-09 10:15:45,263
22505208,2024-04-09 10:15:45,263
22505024,2024-04-09 10:15:48,263
22505018,2024-04-09 10:15:56,263
22516734,2024-04-09 10:16:38,263
22505008,2024-04-09 10:16:46,263
22504936,2024-04-09 10:16:51,263
22505129,2024-04-09 10:16:53,263
22505188,2024-04-09 10:17:02,263
22505016,2024-04-09 10:17:38,263
22504935,2024-04-09 10:17:38,263
22505097,2024-04-09 10:17:41,263
22505234,2024-04-09 10:17:43,263
22505070,2024-04-09 10:17:46,263
22505207,2024-04-09 10:17:58,263
22505025,2024-04-09 10:18:05,263
22505021,2024-04-09 10:18:16,263
22505120,2024-04-09 10:18:47,263
22516733,2024-04-09 10:19:10,263
22505187,2024-04-09 10:19:29,263
22505013,2024-04-09 10:19:33,263
22505202,2024-04-09 10:20:26,263
22516732,2024-04-09 10:22:03,263
22505183,2024-04-09 10:22:16,263
22505012,2024-04-09 10:22:47,263
22505101,2024-04-09 10:23:08,263
22505067,2024-04-09 10:23:10,263
22506723,2024-04-09 10:23:17,263
22505108,2024-04-09 10:23:19,263
22505107,2024-04-09 10:23:19,263
22505031,2024-04-09 10:23:33,263
22505566,2024-04-09 10:23:56,263
22505206,2024-04-09 10:24:00,263
22505181,2024-04-09 10:24:02,263
22504939,2024-04-09 10:24:54,263
22505015,2024-04-09 10:25:03,263
22516731,2024-04-09 10:25:04,263
22505112,2024-04-09 10:25:13,263
22505204,2024-04-09 10:25:38,263
22505130,2024-04-09 10:25:44,263
22504940,2024-04-09 10:26:19,263
22505027,2024-04-09 10:26:29,263
22505111,2024-04-09 10:26:32,263
22505011,2024-04-09 10:26:50,263
22505064,2024-04-09 10:27:03,263
22505116,2024-04-09 10:27:05,263
22505565,2024-04-09 10:27:26,263
22505126,2024-04-09 10:28:14,263
22516730,2024-04-09 10:28:27,263
22505061,2024-04-09 10:28:33,263
22505010,2024-04-09 10:28:45,263
22505069,2024-04-09 10:29:17,263
22505036,2024-04-09 10:29:23,263
22504942,2024-04-09 10:29:42,263
22505119,2024-04-09 10:30:00,263
22504941,2024-04-09 10:30:10,263
22516729,2024-04-09 10:30:27,263
22505009,2024-04-09 10:31:23,263
22505039,2024-04-09 10:31:44,263
22505196,2024-04-09 10:31:45,263
22505203,2024-04-09 10:31:49,263
22505063,2024-04-09 10:32:14,263
22505060,2024-04-09 10:32:17,263
22516728,2024-04-09 10:32:19,263
22505019,2024-04-09 10:32:31,263
22505121,2024-04-09 10:33:20,263
22505114,2024-04-09 10:33:25,263
22505007,2024-04-09 10:33:30,263
22516727,2024-04-09 10:34:01,263
22505040,2024-04-09 10:34:07,263
22505201,2024-04-09 10:35:07,263
22505005,2024-04-09 10:35:31,263
22505205,2024-04-09 10:35:37,263
22516726,2024-04-09 10:36:06,263
22505118,2024-04-09 10:36:42,263
22505003,2024-04-09 10:37:21,263
22516725,2024-04-09 10:37:49,263
22505199,2024-04-09 10:37:54,263
22505109,2024-04-09 10:38:26,263
22504946,2024-04-09 10:38:29,263
22504945,2024-04-09 10:38:31,263
22505115,2024-04-09 10:38:33,263
22505002,2024-04-09 10:39:28,263
22505186,2024-04-09 10:40:01,263
22505113,2024-04-09 10:40:18,263
22516723,2024-04-09 10:40:29,263
22505001,2024-04-09 10:41:25,263
22505180,2024-04-09 10:41:54,263
22505110,2024-04-09 10:42:01,263
22516722,2024-04-09 10:42:32,263
22505004,2024-04-09 10:43:18,263
22505057,2024-04-09 10:43:21,263
22505034,2024-04-09 10:43:23,263
22504947,2024-04-09 10:43:42,263
22505000,2024-04-09 10:43:48,263
22505106,2024-04-09 10:43:55,263
22516721,2024-04-09 10:44:45,263
22505128,2024-04-09 10:44:51,263
22504998,2024-04-09 10:45:45,263
22505105,2024-04-09 10:45:56,263
22505189,2024-04-09 10:46:11,263
22505131,2024-04-09 10:47:13,263
22516720,2024-04-09 10:47:21,263
22505049,2024-04-09 10:47:27,263
22505103,2024-04-09 10:47:52,263
22505127,2024-04-09 10:48:57,263
22504997,2024-04-09 10:49:08,263
22516719,2024-04-09 10:49:33,263
22505094,2024-04-09 10:50:12,263
22505178,2024-04-09 10:50:47,263
22516718,2024-04-09 10:51:24,263
22504996,2024-04-09 10:51:31,263
22505176,2024-04-09 10:52:25,263
22505074,2024-04-09 10:52:50,263
22505124,2024-04-09 10:54:05,263
22505123,2024-04-09 10:54:05,263
22505125,2024-04-09 10:55:46,263
22505071,2024-04-09 10:56:33,263
22504989,2024-04-09 10:56:42,263
22505182,2024-04-09 10:57:22,263
22504995,2024-04-09 10:58:18,263
22505066,2024-04-09 10:58:20,263
22505099,2024-04-09 10:59:10,263
22505100,2024-04-09 10:59:10,263
22504988,2024-04-09 10:59:47,263
22516717,2024-04-09 11:00:30,263
22505122,2024-04-09 11:00:45,263
22504964,2024-04-09 11:01:00,263
22504993,2024-04-09 11:01:28,263
22505059,2024-04-09 11:01:49,263
22505037,2024-04-09 11:02:37,263
22516715,2024-04-09 11:03:19,263
22504987,2024-04-09 11:03:36,263
22505096,2024-04-09 11:04:27,263
22505053,2024-04-09 11:04:32,263
22504991,2024-04-09 11:05:08,263
22516716,2024-04-09 11:05:28,263
22505184,2024-04-09 11:06:16,263
22504986,2024-04-09 11:06:41,263
22505051,2024-04-09 11:07:05,263
22516724,2024-04-09 11:07:36,263
22505032,2024-04-09 11:09:36,263
22505029,2024-04-09 11:11:19,263
22504982,2024-04-09 11:13:03,263
22505048,2024-04-09 11:25:56,263
22505093,2024-04-09 12:07:14,263
22506721,2024-04-09 20:24:34,263
22506952,2024-04-10 06:41:31,263
22506951,2024-04-10 06:55:31,263
22506953,2024-04-10 07:09:32,263
22507365,2024-04-10 11:25:19,263
22507555,2024-04-10 11:54:19,263
30882636,2026-03-31 10:30:41,263
30882635,2026-03-31 10:42:58,263
30888996,2026-03-31 10:43:54,263
30889187,2026-03-31 10:44:27,263
30882633,2026-03-31 10:45:36,263
30889186,2026-03-31 10:47:01,263
30888995,2026-03-31 10:48:28,263
30882632,2026-03-31 10:48:46,263
30889185,2026-03-31 10:49:29,263
30882631,2026-03-31 10:51:38,263
30888993,2026-03-31 10:51:46,263
30889184,2026-03-31 10:53:00,263
30888987,2026-03-31 10:54:53,263
30882629,2026-03-31 10:54:55,263
30889183,2026-03-31 10:55:42,263
30882628,2026-03-31 10:58:11,263
30889182,2026-03-31 10:58:17,263
30889181,2026-03-31 11:00:30,263
30882627,2026-03-31 11:01:46,263
30882624,2026-03-31 11:16:42,263
30889180,2026-03-31 11:46:52,263
30888988,2026-03-31 11:47:16,263
30882623,2026-03-31 11:48:01,263
30889179,2026-03-31 11:49:46,263
30888994,2026-03-31 11:50:50,263
30882615,2026-03-31 11:51:58,263
30889178,2026-03-31 11:52:16,263
30888986,2026-03-31 11:54:25,263
30882614,2026-03-31 11:55:09,263
30889177,2026-03-31 11:55:23,263
30888984,2026-03-31 11:57:18,263
30889176,2026-03-31 11:57:34,263
30888982,2026-03-31 12:00:32,263
30889175,2026-03-31 12:00:49,263
30882658,2026-03-31 12:00:51,263
30889174,2026-03-31 12:03:24,263
30889173,2026-03-31 12:06:21,263
30883226,2026-03-31 12:37:54,263
30889023,2026-03-31 12:38:48,263
30889172,2026-03-31 12:38:51,263
30883224,2026-03-31 12:40:45,263
30889171,2026-03-31 12:41:18,263
30889025,2026-03-31 12:41:36,263
30883223,2026-03-31 12:43:03,263
30889170,2026-03-31 12:44:04,263
30888980,2026-03-31 12:44:34,263
30883220,2026-03-31 12:45:48,263
30889169,2026-03-31 12:46:14,263
30883219,2026-03-31 12:48:18,263
30888981,2026-03-31 12:49:01,263
30889168,2026-03-31 12:49:08,263
30889167,2026-03-31 12:51:37,263
30883218,2026-03-31 12:51:44,263
30889166,2026-03-31 12:54:21,263
30883216,2026-03-31 12:57:15,263
30889165,2026-03-31 12:57:52,263
30888018,2026-03-31 12:58:27,263
30889164,2026-03-31 12:59:48,263
30883230,2026-03-31 13:00:18,263
31020642,2026-04-01 18:51:14,263
31020641,2026-04-01 19:19:02,263
31020640,2026-04-01 19:22:37,263
31020639,2026-04-01 19:25:37,263
31020638,2026-04-01 19:27:42,263
31020637,2026-04-01 19:30:32,263
31036872,2026-04-02 16:52:37,263
31036871,2026-04-02 16:55:14,263
31036870,2026-04-02 17:01:30,263
31036869,2026-04-02 17:08:13,263
31036868,2026-04-02 17:12:20,263
31036867,2026-04-02 17:17:29,263
31044072,2026-04-07 08:05:05,263
31044071,2026-04-07 08:08:36,263
31044070,2026-04-07 08:10:39,263
31044069,2026-04-07 08:14:41,263
31044068,2026-04-07 08:18:43,263
31044067,2026-04-07 08:39:27,263
31044066,2026-04-07 08:48:46,263
31044065,2026-04-07 08:56:42,263
31044063,2026-04-07 08:59:43,263
31044062,2026-04-07 09:03:01,263
31044060,2026-04-07 09:10:14,263
31044059,2026-04-07 09:12:58,263
31044057,2026-04-07 09:19:30,263
31044055,2026-04-07 09:23:55,263
31044054,2026-04-07 09:30:03,263
31044053,2026-04-07 09:34:19,263
31044052,2026-04-07 09:38:30,263
31044051,2026-04-07 09:42:11,263
31044049,2026-04-07 09:49:56,263
31044047,2026-04-07 09:54:06,263
31044046,2026-04-07 09:59:10,263
31044044,2026-04-07 10:05:15,263
31044043,2026-04-07 10:09:40,263
31044042,2026-04-07 10:17:31,263
31044041,2026-04-07 10:30:01,263
31044040,2026-04-07 10:33:56,263
31043755,2026-04-07 10:37:54,263
31043753,2026-04-07 10:39:49,263
31043752,2026-04-07 10:43:50,263
31043751,2026-04-07 10:46:42,263
27397589,2025-03-30 09:31:17,263
27315922,2025-04-01 06:28:17,263
27316006,2025-04-01 06:30:28,263
27316004,2025-04-01 06:44:30,263
27316005,2025-04-01 06:58:31,263
27322330,2025-04-02 06:12:52,263
27322328,2025-04-02 06:26:53,263
27322256,2025-04-02 06:29:03,263
27322329,2025-04-02 06:40:54,263
27329463,2025-04-03 06:25:33,263
27329465,2025-04-03 06:39:35,263
27329464,2025-04-03 06:53:36,263
27341179,2025-04-04 06:25:47,263
27341181,2025-04-04 06:39:48,263
27341180,2025-04-04 06:53:49,263
27380829,2025-04-06 07:08:58,263
27383258,2025-04-07 06:32:47,263
27383259,2025-04-07 06:46:48,263
27383260,2025-04-07 07:00:49,263
27389011,2025-04-08 06:43:03,263
30874763,2026-03-30 11:55:31,263
30874796,2026-03-30 12:06:47,263
30874841,2026-03-30 12:11:32,263
30874911,2026-03-30 12:16:31,263
30874929,2026-03-30 12:20:26,263
30875838,2026-03-30 12:30:03,263
30875833,2026-03-30 12:36:07,263
30875832,2026-03-30 12:41:00,263
30875826,2026-03-30 12:44:30,263
30875824,2026-03-30 12:53:07,263
30875820,2026-03-30 12:59:17,263
30875818,2026-03-30 13:09:19,263
30875817,2026-03-30 13:13:36,263
30875814,2026-03-30 13:26:39,263
30875811,2026-03-30 13:33:59,263
30875810,2026-03-30 13:37:25,263
30875808,2026-03-30 13:50:03,263
30875806,2026-03-30 13:54:17,263
30875804,2026-03-30 13:59:33,263
31050995,2026-04-08 06:18:45,263
19217370,2023-03-28 06:29:10,263
19230255,2023-04-02 06:02:18,263
22435167,2024-03-31 08:10:40,263
22506907,2024-04-10 05:54:22,263
31040080,2026-04-05 06:17:44,263
31040085,2026-04-05 06:21:05,263
27341249,2025-04-04 06:24:30,263
27341250,2025-04-04 06:38:31,263
27341248,2025-04-04 06:52:32,263
27351171,2025-04-05 06:22:13,263
27351173,2025-04-05 06:36:14,263
27351172,2025-04-05 06:50:16,263
31062837,2026-04-08 17:19:18,263
19219835,2023-03-29 05:57:13,263
19219838,2023-03-29 06:00:30,263
22451998,2024-04-01 06:43:24,263
22459843,2024-04-03 06:05:46,263
22469850,2024-04-06 06:14:06,263
22469849,2024-04-06 06:28:06,263
22469851,2024-04-06 06:42:07,263
22471014,2024-04-07 07:16:01,263
22471051,2024-04-07 08:21:00,263
22504715,2024-04-09 06:37:00,263
22506906,2024-04-10 05:51:51,263
26237169,2024-10-29 07:35:22,265
26237168,2024-10-29 07:49:22,265
26237167,2024-10-29 08:03:22,265
27316075,2025-04-01 05:42:18,263
27316074,2025-04-01 05:56:19,263
27316076,2025-04-01 06:10:20,263
27322235,2025-04-02 06:17:06,263
27322245,2025-04-02 06:22:26,263
27322251,2025-04-02 06:26:00,263
27322283,2025-04-02 06:33:18,263
27322301,2025-04-02 06:39:19,263
27329408,2025-04-03 05:44:05,263
27329410,2025-04-03 05:58:06,263
27329405,2025-04-03 06:12:07,263
27329425,2025-04-03 06:32:11,263
27329574,2025-04-03 07:13:27,263
27329575,2025-04-03 07:27:29,263
27329576,2025-04-03 07:41:30,263
27347349,2025-04-04 06:11:51,263
27347364,2025-04-04 06:21:35,263
27347365,2025-04-04 06:34:09,263
27347368,2025-04-04 06:39:01,263
27341218,2025-04-04 06:45:26,263
27341217,2025-04-04 06:59:28,263
27341216,2025-04-04 07:13:29,263
27341280,2025-04-04 07:21:05,263
27341284,2025-04-04 07:35:06,263
27341285,2025-04-04 07:49:07,263
27351181,2025-04-05 07:19:41,263
27351231,2025-04-05 07:38:20,263
27380871,2025-04-06 05:36:14,263
27380872,2025-04-06 05:50:15,263
27380870,2025-04-06 06:04:16,263
27380847,2025-04-06 06:58:09,263
27380849,2025-04-06 07:12:09,263
27380848,2025-04-06 07:26:09,263
27383202,2025-04-07 06:27:27,263
27383269,2025-04-07 07:11:29,263
27383287,2025-04-07 07:21:00,263
27388952,2025-04-08 06:23:54,263
27389065,2025-04-08 06:31:17,263
27389070,2025-04-08 06:45:18,263
27389071,2025-04-08 06:59:19,263
27389101,2025-04-08 07:19:17,263
27389110,2025-04-08 07:27:29,263
27397608,2025-04-09 06:19:16,263
27397621,2025-04-09 06:30:55,263
27397643,2025-04-09 06:37:52,263
27397751,2025-04-09 07:32:14,263
27397757,2025-04-09 07:36:41,263
27397776,2025-04-09 07:56:17,263
27397799,2025-04-09 08:00:03,263
30873472,2026-03-30 06:13:46,263
31021905,2026-04-02 06:04:08,263
31021908,2026-04-02 06:08:49,263
31021971,2026-04-02 06:16:15,263
31021972,2026-04-02 06:30:15,263
31021970,2026-04-02 06:44:15,263
31021991,2026-04-02 07:09:18,263
31040178,2026-04-05 07:31:53,263
31040255,2026-04-05 08:58:56,263
31040258,2026-04-05 09:02:02,263
31040943,2026-04-06 05:55:01,263
31041097,2026-04-06 07:32:48,263
31042330,2026-04-07 05:51:08,263
31042364,2026-04-07 06:21:26,263
31042496,2026-04-07 06:24:19,263
31042495,2026-04-07 06:38:19,263
31042494,2026-04-07 06:52:19,263
19243217,2023-04-03 18:06:33,263
30877923,2026-03-30 15:11:40,263
31023809,2026-04-02 13:13:48,263
31040082,2026-04-05 06:19:10,263
31054313,2026-04-08 11:32:07,263
31058645,2026-04-08 13:38:10,263
27322394,2025-04-02 07:30:01,263
27341272,2025-04-04 07:46:30,263
27380851,2025-04-06 07:14:07,263
27380943,2025-04-06 08:04:05,263
31022120,2026-04-02 08:45:22,263
31037489,2026-04-03 11:02:01,263
31037490,2026-04-03 11:04:25,263
31037491,2026-04-03 11:07:03,263
31037492,2026-04-03 11:10:28,263
31037494,2026-04-03 11:16:14,263
31037497,2026-04-03 11:18:46,263
31037498,2026-04-03 11:21:01,263
31037501,2026-04-03 11:23:25,263
31037502,2026-04-03 11:27:04,263
31037504,2026-04-03 11:29:57,263
31037505,2026-04-03 11:31:58,263
31037507,2026-04-03 11:34:08,263
31037511,2026-04-03 11:36:14,263
31037517,2026-04-03 11:38:38,263
31037534,2026-04-03 11:42:24,263
31037535,2026-04-03 11:44:59,263
31037537,2026-04-03 11:50:07,263
31037539,2026-04-03 11:53:23,263
31037543,2026-04-03 11:58:22,263
31037544,2026-04-03 12:02:26,263
31037735,2026-04-03 13:42:06,263
31037737,2026-04-03 13:47:04,263
31037787,2026-04-03 14:08:22,263
31041319,2026-04-06 11:10:22,263
31041323,2026-04-06 11:13:41,263
31041326,2026-04-06 11:17:20,263
31041327,2026-04-06 11:20:08,263
31041328,2026-04-06 11:22:34,263
31041333,2026-04-06 11:25:38,263
31041334,2026-04-06 11:28:04,263
31041338,2026-04-06 11:32:54,263
31041341,2026-04-06 11:36:09,263
31041344,2026-04-06 11:39:59,263
31041346,2026-04-06 11:46:23,263
31041363,2026-04-06 11:52:46,263
31042986,2026-04-07 10:10:10,263
31042993,2026-04-07 10:13:34,263
31043009,2026-04-07 10:18:07,263
31043014,2026-04-07 10:21:12,263
31043020,2026-04-07 10:24:36,263
31043119,2026-04-07 10:27:34,263
31043131,2026-04-07 10:34:27,263
31043141,2026-04-07 10:36:54,263
31037536,2026-04-03 11:47:47,263
22454807,2024-04-02 06:45:15,263
22466496,2024-04-05 06:26:38,263
27305530,2025-03-31 06:38:54,263
27338384,2025-04-03 19:09:43,263
27341113,2025-04-04 06:16:25,263
27389044,2025-04-08 06:56:35,263
27397636,2025-04-09 06:44:02,263
27397644,2025-04-09 06:46:20,263
30873474,2026-03-30 06:17:20,263
30880419,2026-03-31 06:55:09,263
31019778,2026-04-01 15:04:07,263
31037779,2026-04-03 14:03:11,263
31037891,2026-04-03 14:05:20,263
31037890,2026-04-03 14:19:20,263
31037892,2026-04-03 14:33:20,263
31041986,2026-04-06 10:36:17,263
31041987,2026-04-06 10:45:51,263
31041989,2026-04-06 10:49:42,263
31042173,2026-04-06 11:28:12,263
31042174,2026-04-06 11:36:20,263
31042370,2026-04-07 06:23:38,263
31061697,2026-04-08 15:55:56,263
22435162,2024-03-31 07:38:01,263
22435172,2024-03-31 07:47:09,263
22435171,2024-03-31 08:01:09,263
22435173,2024-03-31 08:15:09,263
22452025,2024-04-01 07:58:59,263
22452031,2024-04-01 08:10:26,263
22452030,2024-04-01 08:24:26,263
22452029,2024-04-01 08:38:26,263
22454750,2024-04-02 06:02:42,263
22454809,2024-04-02 06:15:10,263
22454811,2024-04-02 06:29:10,263
22454810,2024-04-02 06:43:11,263
22459849,2024-04-03 06:24:57,263
22459908,2024-04-03 06:30:14,263
22459906,2024-04-03 06:44:15,263
22459907,2024-04-03 06:58:15,263
22461729,2024-04-04 06:27:33,263
22461838,2024-04-04 06:36:48,263
22461837,2024-04-04 06:50:48,263
22461839,2024-04-04 07:04:48,263
22466492,2024-04-05 06:06:38,263
22466504,2024-04-05 06:19:23,263
22466505,2024-04-05 06:33:23,263
22466506,2024-04-05 06:47:23,263
22469859,2024-04-06 07:25:09,263
22469866,2024-04-06 07:33:29,263
22469865,2024-04-06 07:47:29,263
22469867,2024-04-06 08:01:29,263
22471018,2024-04-07 07:32:46,263
22471054,2024-04-07 07:38:58,263
22471055,2024-04-07 07:52:59,263
22471056,2024-04-07 08:32:49,263
22471131,2024-04-07 09:45:13,263
22497219,2024-04-08 06:04:42,263
22497221,2024-04-08 06:18:42,263
22497220,2024-04-08 06:32:42,263
22497242,2024-04-08 07:07:51,263
22504698,2024-04-09 06:05:08,263
22504726,2024-04-09 06:09:22,263
22504728,2024-04-09 06:23:22,263
22504727,2024-04-09 06:37:22,263
22506930,2024-04-10 06:08:32,263
22506987,2024-04-10 06:52:28,263
22506989,2024-04-10 07:06:28,263
22506988,2024-04-10 07:20:28,263
26223079,2024-10-28 06:51:31,265
26237129,2024-10-28 06:57:40,265
26237128,2024-10-28 07:11:40,265
26237127,2024-10-28 07:25:40,265
26237130,2024-10-29 06:34:54,265
26242302,2024-10-29 06:41:41,265
26242303,2024-10-29 06:55:41,265
26242304,2024-10-29 07:09:41,265
26242305,2024-10-30 06:15:43,265
26255376,2024-10-31 06:21:52,265
26266194,2024-11-04 06:31:36,265
26268986,2024-11-04 06:41:14,265
26268985,2024-11-04 06:55:14,265
26268987,2024-11-04 07:09:14,265
27305499,2025-03-31 05:55:03,263
27305559,2025-03-31 06:06:54,263
27305560,2025-03-31 06:20:54,263
27305558,2025-03-31 06:34:54,263
27315900,2025-04-01 06:14:57,263
27316008,2025-04-01 06:22:32,263
27316007,2025-04-01 06:36:32,263
27316009,2025-04-01 06:50:32,263
27322228,2025-04-02 06:01:44,263
27322341,2025-04-02 06:11:47,263
27322343,2025-04-02 06:25:47,263
27322342,2025-04-02 06:39:47,263
27329382,2025-04-03 06:04:40,263
27329470,2025-04-03 06:17:06,263
27329468,2025-04-03 06:31:07,263
27329469,2025-04-03 06:45:07,263
27341107,2025-04-04 06:07:42,263
27341430,2025-04-04 06:24:58,263
27341434,2025-04-04 06:38:58,263
27341436,2025-04-04 06:52:58,263
27351138,2025-04-05 06:56:03,263
27351315,2025-04-05 07:05:27,263
27351313,2025-04-05 07:19:28,263
27351314,2025-04-05 07:33:28,263
27383068,2025-04-07 05:54:47,263
27383215,2025-04-07 06:05:27,263
27383221,2025-04-07 06:19:27,263
27383223,2025-04-07 06:33:27,263
27388934,2025-04-08 06:05:41,263
27389066,2025-04-08 06:18:55,263
27389063,2025-04-08 06:32:55,263
27389062,2025-04-08 06:46:55,263
27397577,2025-04-09 06:06:00,263
27397665,2025-04-09 06:13:08,263
27397664,2025-04-09 06:27:08,263
27397663,2025-04-09 06:41:08,263
30007289,2025-10-27 06:21:24,265
30007310,2025-10-27 06:31:27,265
30007311,2025-10-27 06:45:27,265
30007312,2025-10-27 06:59:27,265
30027034,2025-10-28 06:23:27,265
30027036,2025-10-28 06:28:45,265
30027038,2025-10-28 06:42:45,265
30027037,2025-10-28 06:56:45,265
30032593,2025-10-29 06:20:05,265
30032596,2025-10-29 06:27:28,265
30032594,2025-10-29 06:41:28,265
30032595,2025-10-29 06:55:28,265
30036422,2025-10-30 06:23:59,265
30036438,2025-10-30 06:36:34,265
30036439,2025-10-30 06:50:34,265
30036437,2025-10-30 07:04:34,265
30048279,2025-10-31 06:07:07,265
30048288,2025-10-31 06:17:39,265
30048287,2025-10-31 06:31:40,265
30048286,2025-10-31 06:45:40,265
15511042,2022-03-31 06:35:44,263
22470996,2024-04-07 05:23:44,263
22470997,2024-04-07 05:37:45,263
22470998,2024-04-07 05:51:47,263
22497238,2024-04-08 06:03:20,263
22497240,2024-04-08 06:17:21,263
22497239,2024-04-08 06:31:23,263
27329483,2025-04-03 06:54:24,263
31041405,2026-04-01 15:20:12,263
31022612,2026-04-02 10:55:38,263
31038362,2026-04-03 16:51:56,263
31038578,2026-04-04 06:42:58,263
31039663,2026-04-04 18:38:38,263
31040162,2026-04-05 06:28:21,263
31040164,2026-04-05 06:42:22,263
31040163,2026-04-05 06:56:23,263
31041037,2026-04-06 05:40:43,263
31041039,2026-04-06 05:54:44,263
31041038,2026-04-06 06:08:45,263
31041404,2026-04-06 12:32:18,263
31046527,2026-04-07 15:13:42,263
31051010,2026-04-08 06:30:08,263
31051061,2026-04-08 06:52:46,263
27305519,2025-03-31 06:20:57,263
27341276,2025-04-04 06:10:13,263
27341193,2025-04-04 06:57:30,263
27341279,2025-04-04 07:50:54,263
27388972,2025-04-08 06:20:36,263
27389033,2025-04-08 06:49:39,263
27397691,2025-04-09 07:04:51,263
30871103,2026-03-29 06:39:08,263
31041245,2026-04-06 09:10:21,263
18816214,2022-11-06 15:35:46,265
18808044,2022-11-07 07:55:19,265
22497170,2024-04-08 05:59:43,263
22504696,2024-04-09 05:57:16,263
22506912,2024-04-10 05:58:11,263
27314988,2025-03-30 20:01:03,263
27305528,2025-03-31 06:35:11,263
27316048,2025-04-01 06:40:37,263
27315970,2025-04-01 06:42:55,263
27315983,2025-04-01 06:47:24,263
27316046,2025-04-01 06:54:38,263
27316047,2025-04-01 07:08:39,263
27322223,2025-04-02 05:52:36,263
27322428,2025-04-02 07:01:42,263
27322430,2025-04-02 07:15:43,263
27322429,2025-04-02 07:29:44,263
27329400,2025-04-03 06:10:56,263
27329407,2025-04-03 06:23:08,263
27329433,2025-04-03 06:39:31,263
27329536,2025-04-03 07:10:34,263
27330170,2025-04-03 10:50:44,263
27331232,2025-04-03 12:59:41,263
27331469,2025-04-03 13:04:09,263
27335431,2025-04-03 15:53:10,263
27335492,2025-04-03 16:00:16,263
27335525,2025-04-03 16:06:41,263
27335679,2025-04-03 16:27:56,263
27341208,2025-04-04 05:26:47,263
27341209,2025-04-04 05:40:48,263
27341054,2025-04-04 05:52:49,263
27341207,2025-04-04 05:54:50,263
27341045,2025-04-04 05:54:59,263
27341082,2025-04-04 06:05:36,263
27341104,2025-04-04 06:15:11,263
27341125,2025-04-04 06:24:20,263
27341424,2025-04-04 08:22:13,263
27348771,2025-04-04 14:55:32,263
27350150,2025-04-04 19:15:10,263
27351128,2025-04-05 05:42:56,263
27351129,2025-04-05 05:56:57,263
27350989,2025-04-05 06:01:17,263
27351130,2025-04-05 06:10:58,263
27351023,2025-04-05 06:21:30,263
27351456,2025-04-05 10:49:55,263
27351461,2025-04-05 11:30:41,263
27351476,2025-04-05 11:38:06,263
27351505,2025-04-05 11:45:01,263
27351588,2025-04-05 14:25:32,263
27351589,2025-04-05 14:28:32,263
27380729,2025-04-06 05:45:57,263
27380883,2025-04-06 05:54:46,263
27380881,2025-04-06 06:08:47,263
27381004,2025-04-06 06:19:53,263
27380882,2025-04-06 06:22:48,263
27380769,2025-04-06 06:30:15,263
27380770,2025-04-06 06:33:51,263
27381005,2025-04-06 06:33:54,263
27380771,2025-04-06 06:34:16,263
27381006,2025-04-06 06:47:55,263
27383142,2025-04-07 05:46:04,263
27383067,2025-04-07 05:58:13,263
27383141,2025-04-07 06:00:05,263
27383140,2025-04-07 06:14:06,263
27383253,2025-04-07 06:49:48,263
27389131,2025-04-08 05:41:45,263
27464312,2025-04-08 05:41:45,263
27388893,2025-04-08 05:44:10,263
27388897,2025-04-08 05:47:16,263
27389133,2025-04-08 05:55:46,263
27478857,2025-04-08 05:55:46,263
27389132,2025-04-08 06:09:48,263
27478852,2025-04-08 06:09:48,263
27390368,2025-04-08 06:25:44,263
27388961,2025-04-08 06:28:17,263
27391847,2025-04-08 13:53:38,263
27392019,2025-04-08 14:23:04,263
27397683,2025-04-09 05:51:23,263
27397681,2025-04-09 06:05:24,263
27397682,2025-04-09 06:19:25,263
27397596,2025-04-09 06:21:10,263
27397598,2025-04-09 06:24:25,263
27397612,2025-04-09 06:28:39,263
27397748,2025-04-09 07:28:31,263
27399500,2025-04-09 11:06:24,263
30032816,2025-10-29 09:13:35,265
30049433,2025-10-31 12:28:56,265
30880401,2026-03-31 06:15:33,263
30890980,2026-04-01 06:48:47,263
31022105,2026-04-02 06:00:49,263
31037425,2026-04-02 06:14:50,263
31037419,2026-04-02 06:28:52,263
31021941,2026-04-02 06:39:19,263
31021944,2026-04-02 06:42:37,263
31037416,2026-04-02 09:01:19,263
31022336,2026-04-02 09:01:19,263
31037415,2026-04-02 09:15:20,263
31037414,2026-04-02 09:29:22,263
31037264,2026-04-03 05:56:48,263
31037304,2026-04-03 06:45:48,263
31037318,2026-04-03 06:56:01,263
31037384,2026-04-03 07:12:57,263
31037383,2026-04-03 07:26:58,263
31037385,2026-04-03 07:40:59,263
31038393,2026-04-03 18:26:02,263
31038542,2026-04-04 05:55:53,263
31038620,2026-04-04 06:20:56,263
31038621,2026-04-04 06:34:57,263
31038574,2026-04-04 06:44:41,263
31038619,2026-04-04 06:48:58,263
31040282,2026-04-04 16:28:05,263
31040210,2026-04-05 05:42:10,263
31040208,2026-04-05 05:56:10,263
31040044,2026-04-05 06:09:49,263
31040209,2026-04-05 06:10:11,263
31040084,2026-04-05 06:17:40,263
31040101,2026-04-05 06:30:23,263
31040104,2026-04-05 06:33:19,263
31040146,2026-04-05 07:00:10,263
31040160,2026-04-05 07:18:31,263
31040598,2026-04-05 15:30:07,263
31041250,2026-04-06 05:36:56,263
31040922,2026-04-06 05:39:12,263
31040936,2026-04-06 05:48:48,263
31041252,2026-04-06 05:50:56,263
31041251,2026-04-06 06:04:56,263
31041220,2026-04-06 06:23:21,263
31041014,2026-04-06 06:43:22,263
31041180,2026-04-06 07:16:54,263
31041181,2026-04-06 07:30:55,263
31041294,2026-04-06 07:39:30,263
31041179,2026-04-06 07:44:56,263
31041304,2026-04-06 07:53:30,263
31041309,2026-04-06 08:07:30,263
31041233,2026-04-06 08:41:17,263
31041421,2026-04-06 13:06:04,263
31041678,2026-04-06 13:53:56,263
31049273,2026-04-06 18:36:01,263
31042423,2026-04-07 05:36:05,263
31042429,2026-04-07 05:40:06,263
31042424,2026-04-07 05:50:06,263
31042337,2026-04-07 05:59:11,263
31042422,2026-04-07 06:04:07,263
31042407,2026-04-07 06:15:55,263
31042406,2026-04-07 06:29:56,263
31042405,2026-04-07 06:43:56,263
31042498,2026-04-07 06:56:27,263
31042500,2026-04-07 07:10:27,263
31042499,2026-04-07 07:24:27,263
31051098,2026-04-08 05:00:17,263
31051099,2026-04-08 05:14:17,263
31051097,2026-04-08 05:28:17,263
31051231,2026-04-08 05:44:16,263
31051233,2026-04-08 05:58:17,263
31051008,2026-04-08 06:09:04,263
31051007,2026-04-08 06:24:40,263
31060545,2026-04-08 14:39:59,263
30893230,2026-04-01 13:41:04,263
30893229,2026-04-01 13:55:05,263
30893214,2026-04-01 14:09:05,263
31038635,2026-04-04 06:53:39,263
31038636,2026-04-04 06:56:51,263
31038625,2026-04-04 06:59:27,263
31038626,2026-04-04 07:02:31,263
31041084,2026-04-05 06:39:20,263
31041091,2026-04-05 06:41:26,263
31041098,2026-04-05 06:45:50,263
31041103,2026-04-06 07:10:27,263
31042470,2026-04-07 06:54:55,263
31042516,2026-04-07 06:58:16,263
31042513,2026-04-07 06:59:59,263
31042505,2026-04-07 07:01:57,263
31042497,2026-04-07 07:04:50,263
31051119,2026-04-08 07:22:44,263
31051120,2026-04-08 07:30:44,263
27305495,2025-03-31 05:56:58,263
27322260,2025-04-02 06:29:01,263
27329361,2025-04-03 05:50:30,263
27329549,2025-04-03 07:00:11,263
27341046,2025-04-04 05:29:36,263
27341105,2025-04-04 06:00:49,263
27350995,2025-04-05 06:05:08,263
27351010,2025-04-05 06:15:35,263
27351016,2025-04-05 06:18:14,263
27380749,2025-04-06 06:17:05,263
27383111,2025-04-07 06:03:27,263
27388927,2025-04-08 06:13:08,263
27397641,2025-04-09 06:44:35,263
27397749,2025-04-09 07:26:44,263
27398199,2025-04-09 09:51:09,263
31037261,2026-04-03 05:49:17,263
31038557,2026-04-04 06:17:44,263
31038684,2026-04-04 08:01:19,263
31040239,2026-04-05 08:23:21,263
31040948,2026-04-06 05:54:03,263
31042339,2026-04-07 05:58:27,263
31042374,2026-04-07 06:25:15,263
31050944,2026-04-08 05:37:45,263
19219850,2023-03-29 06:05:40,263
19219851,2023-03-29 06:19:40,263
19219849,2023-03-29 06:33:40,263
19245060,2023-04-05 06:40:51,263
19245058,2023-04-05 06:54:51,263
19245059,2023-04-05 07:08:51,263
27328694,2025-04-02 19:16:30,263
27329378,2025-04-03 06:13:20,263
27329389,2025-04-03 06:17:46,263
27329743,2025-04-03 06:27:48,263
27329687,2025-04-03 06:45:36,263
27329531,2025-04-03 07:08:42,263
27329744,2025-04-03 09:20:42,263
27346558,2025-04-04 06:13:46,263
27341096,2025-04-04 06:16:06,263
27341174,2025-04-04 06:19:18,263
27341173,2025-04-04 06:33:18,263
27341239,2025-04-04 06:37:24,263
27341175,2025-04-04 06:47:18,263
27346639,2025-04-04 12:08:11,263
27346675,2025-04-04 12:08:45,263
27346677,2025-04-04 12:08:51,263
27346692,2025-04-04 12:09:05,263
27346683,2025-04-04 12:09:42,263
27346690,2025-04-04 12:10:36,263
27346681,2025-04-04 12:10:55,263
27346686,2025-04-04 12:13:53,263
27346676,2025-04-04 12:16:23,263
27346678,2025-04-04 12:16:34,263
27346674,2025-04-04 12:16:39,263
27346682,2025-04-04 12:17:04,263
27346688,2025-04-04 12:17:27,263
27346673,2025-04-04 12:17:46,263
27346679,2025-04-04 12:20:26,263
27348275,2025-04-04 13:44:26,263
27350258,2025-04-04 19:58:59,263
27350257,2025-04-04 20:02:01,263
27351229,2025-04-05 07:05:12,263
27351228,2025-04-05 07:19:12,263
27351227,2025-04-05 07:33:12,263
27351236,2025-04-05 07:45:46,263
27351264,2025-04-05 08:02:08,263
27351263,2025-04-05 08:04:36,263
27351262,2025-04-05 08:07:17,263
27382658,2025-04-05 20:28:08,263
27382659,2025-04-05 20:31:46,263
27382728,2025-04-06 20:20:35,263
27382727,2025-04-06 20:23:09,263
27383075,2025-04-07 06:05:36,263
27383239,2025-04-07 06:13:01,263
27383241,2025-04-07 06:27:01,263
27383146,2025-04-07 06:29:56,263
27383240,2025-04-07 06:41:01,263
27383227,2025-04-07 06:44:14,263
27383222,2025-04-07 06:47:04,263
27384106,2025-04-07 10:40:53,263
27384136,2025-04-07 10:41:26,263
27636611,2025-04-07 10:41:53,263
27384135,2025-04-07 10:41:57,263
27384109,2025-04-07 10:42:48,263
27384132,2025-04-07 10:44:55,263
27384133,2025-04-07 10:45:52,263
27636590,2025-04-07 10:46:08,263
27396652,2025-04-07 10:46:18,263
27384138,2025-04-07 10:48:05,263
27384137,2025-04-07 10:49:25,263
27385455,2025-04-07 14:15:46,263
27388859,2025-04-08 05:13:14,263
27388898,2025-04-08 05:48:41,263
27388960,2025-04-08 06:25:45,263
27388967,2025-04-08 06:31:36,263
27388973,2025-04-08 06:34:02,263
27389030,2025-04-08 06:49:02,263
27389076,2025-04-08 07:07:51,263
27393418,2025-04-08 16:42:23,263
27425111,2025-04-08 16:49:47,263
27425110,2025-04-08 17:03:48,263
27393847,2025-04-08 17:14:42,263
27425107,2025-04-08 17:17:49,263
27397548,2025-04-09 05:49:04,263
27397583,2025-04-09 06:09:34,263
27397582,2025-04-09 06:10:43,263
27397659,2025-04-09 06:20:22,263
27397658,2025-04-09 06:34:22,263
27397773,2025-04-09 06:36:11,263
27397780,2025-04-09 07:53:03,263
27397777,2025-04-09 07:53:08,263
27397792,2025-04-09 07:53:36,263
27397774,2025-04-09 07:54:01,263
27397790,2025-04-09 07:55:14,263
27397781,2025-04-09 07:55:23,263
27397779,2025-04-09 07:55:43,263
27397783,2025-04-09 07:55:56,263
27397784,2025-04-09 07:55:57,263
27397778,2025-04-09 07:55:58,263
27397787,2025-04-09 07:56:11,263
27397788,2025-04-09 08:00:00,263
27397786,2025-04-09 08:00:56,263
27397785,2025-04-09 08:01:00,263
27397789,2025-04-09 08:01:37,263
27397793,2025-04-09 08:02:15,263
27397816,2025-04-09 08:05:23,263
27397798,2025-04-09 08:06:12,263
27398207,2025-04-09 09:54:54,263
27398202,2025-04-09 09:54:55,263
27398226,2025-04-09 09:54:55,263
27398200,2025-04-09 09:54:56,263
27398201,2025-04-09 09:55:01,263
27398205,2025-04-09 09:55:19,263
27398227,2025-04-09 09:56:55,263
27398204,2025-04-09 09:56:59,263
27398228,2025-04-09 10:00:52,263
27398230,2025-04-09 10:00:53,263
27398229,2025-04-09 10:00:54,263
30873587,2026-03-30 08:03:55,263
27397654,2025-04-09 06:48:22,263
19223111,2023-03-30 06:10:20,263
31040937,2026-04-06 05:48:57,263
31048748,2026-04-07 05:54:02,263
31048746,2026-04-07 06:20:13,263
27341247,2025-04-04 07:19:03,263
27341440,2025-04-04 08:32:45,263
27397563,2025-04-09 05:53:38,263
31037551,2026-04-03 12:13:23,263
15485814,2022-03-28 06:19:03,263
15485813,2022-03-28 06:33:03,263
15485812,2022-03-28 06:47:03,263
15489827,2022-03-29 06:33:15,263
15489828,2022-03-29 06:47:15,263
15489829,2022-03-29 07:01:15,263
15495772,2022-03-29 20:20:39,263
15495773,2022-03-29 20:26:55,263
15495774,2022-03-29 20:29:03,263
15511054,2022-03-31 06:22:59,263
15511056,2022-03-31 06:36:59,263
15511055,2022-03-31 06:50:59,263
15519132,2022-04-01 06:29:22,263
15519133,2022-04-01 06:43:22,263
15519134,2022-04-01 06:57:23,263
15525775,2022-04-03 06:35:09,263
15525776,2022-04-03 06:49:09,263
15525774,2022-04-03 07:03:09,263
15553653,2022-04-05 06:14:31,263
15553654,2022-04-05 06:28:31,263
15553652,2022-04-05 06:42:32,263
15556649,2022-04-06 06:19:37,263
15556650,2022-04-06 06:33:37,263
15556648,2022-04-06 06:47:37,263
15556691,2022-04-06 07:24:28,263
15556690,2022-04-06 07:38:29,263
15556692,2022-04-06 07:52:29,263
22439875,2024-03-31 18:30:42,263
22439880,2024-03-31 18:43:01,263
22439882,2024-03-31 18:46:10,263
22439883,2024-03-31 18:48:24,263
22471127,2024-04-07 06:22:56,263
22471126,2024-04-07 06:36:57,263
22471125,2024-04-07 06:50:57,263
26236357,2024-10-28 21:43:39,265
26236359,2024-10-28 21:50:17,265
26236360,2024-10-28 21:53:22,265
26236377,2024-10-28 22:22:41,265
27283962,2025-03-30 08:48:53,263
27316122,2025-04-01 06:37:20,263
27316116,2025-04-01 06:51:20,263
27316114,2025-04-01 07:05:20,263
31040752,2026-04-05 19:35:49,263
31040756,2026-04-05 19:39:57,263
31040759,2026-04-05 19:49:10,263
31041228,2026-04-06 06:24:05,263
31041229,2026-04-06 06:31:54,263
30872746,2026-03-29 19:12:56,263
30873488,2026-03-30 06:42:59,263
30891059,2026-03-30 06:57:07,263
30880403,2026-03-31 06:40:39,263
30880418,2026-03-31 06:53:20,263
31021937,2026-04-02 06:29:56,263
31037364,2026-04-03 07:22:16,263
31037372,2026-04-03 07:35:40,263
31042393,2026-04-07 06:34:54,263
31051048,2026-04-08 06:47:10,263
30880444,2026-03-31 07:02:23,263
30880445,2026-03-31 07:16:23,263
30880443,2026-03-31 07:30:23,263
30891064,2026-04-01 06:47:34,263
31041089,2026-04-06 07:23:47,263
31042819,2026-04-07 06:37:04,263
31042807,2026-04-07 06:51:05,263
31042806,2026-04-07 07:05:05,263
31051047,2026-04-08 06:17:38,263
31051074,2026-04-08 06:52:46,263
31050948,2026-04-08 05:41:20,263
31051009,2026-04-08 06:28:46,263
27316242,2025-04-01 08:58:47,263
27322381,2025-04-02 07:25:53,263
27351368,2025-04-05 09:47:39,263
27322391,2025-03-31 06:21:19,263
27322389,2025-03-31 06:35:20,263
27322380,2025-03-31 06:49:20,263
27322392,2025-04-02 06:20:27,263
27322401,2025-04-02 06:34:28,263
27322395,2025-04-02 06:48:28,263
27323355,2025-04-02 10:38:43,263
27341270,2025-04-03 06:15:32,263
27341268,2025-04-03 06:29:32,263
27329597,2025-04-03 08:10:50,263
27341264,2025-04-04 06:30:08,263
27341258,2025-04-04 06:44:08,263
27341253,2025-04-04 07:35:35,263
27381468,2025-04-06 16:01:35,263
27392232,2025-04-08 14:45:31,263
30871118,2026-03-29 07:18:17,263
30872720,2026-03-29 17:21:39,263
30891023,2026-04-01 07:32:56,263
30891089,2026-04-01 09:03:02,263
31022012,2026-04-02 07:19:28,263
31022072,2026-04-02 07:52:13,263
31037286,2026-04-03 06:26:24,263
31038271,2026-04-03 16:44:46,263
31038689,2026-04-04 08:12:47,263
31040150,2026-04-05 07:18:24,263
31041019,2026-04-06 06:43:06,263
31041185,2026-04-06 07:53:12,263
31041244,2026-04-06 09:11:17,263
31042341,2026-04-07 05:58:46,263
31042434,2026-04-07 06:56:10,263
31049038,2026-04-07 17:58:36,263
31050956,2026-04-08 05:51:12,263
31051129,2026-04-08 07:34:50,263
31109915,2026-04-08 19:14:56,263
9909166,2021-04-01 14:12:00,263
10384319,2021-04-01 14:12:00,263
13314085,2021-04-01 14:12:00,263
9909192,2021-04-01 14:12:00,263
19231554,2023-04-03 06:06:19,263
19231555,2023-04-03 06:11:04,263
22516195,2024-04-06 06:13:40,263
22504699,2024-04-09 06:05:43,263
27283583,2025-03-30 06:22:10,263
27283584,2025-03-30 06:28:08,263
27305580,2025-03-31 06:52:30,263
27315920,2025-04-01 06:24:13,263
27322318,2025-04-02 06:45:59,263
27322349,2025-04-02 06:58:32,263
27329419,2025-04-03 06:25:08,263
27341184,2025-04-04 06:32:00,263
27350148,2025-04-04 19:15:58,263
27351124,2025-04-05 06:43:52,263
27380765,2025-04-06 06:28:50,263
27383230,2025-04-07 06:23:49,263
27383144,2025-04-07 06:25:11,263
27389020,2025-04-08 05:56:00,263
27388950,2025-04-08 06:19:54,263
27389032,2025-04-08 06:50:55,263
27397578,2025-04-09 06:10:12,263
27397747,2025-04-09 06:44:48,263
30880389,2026-03-31 06:21:30,263
30890960,2026-04-01 06:17:11,263
31021924,2026-04-02 06:20:04,263
31022368,2026-04-02 10:16:23,263
31023362,2026-04-02 12:17:55,263
31029343,2026-04-02 15:01:22,263
31037356,2026-04-03 06:31:34,263
31038555,2026-04-04 06:11:49,263
31041105,2026-04-05 07:29:25,263
31041213,2026-04-06 07:39:54,263
31042319,2026-04-07 05:34:13,263
31042385,2026-04-07 06:22:59,263
31045554,2026-04-07 06:28:00,263
31042387,2026-04-07 06:29:05,263
31042394,2026-04-07 06:37:14,263
31042431,2026-04-07 06:51:37,263
31042440,2026-04-07 06:57:34,263
31074579,2026-04-08 06:12:28,263
31051073,2026-04-08 06:32:20,263
31051072,2026-04-08 06:46:20,263
31051071,2026-04-08 07:00:21,263
22454813,2024-04-02 06:58:15,263
22454812,2024-04-02 07:04:44,263
22459846,2024-04-03 06:15:28,263
22497199,2024-04-08 06:21:25,263
22506800,2024-04-10 05:36:45,263
31077403,2026-04-07 06:36:00,263
31077415,2026-04-07 07:11:00,263
31077474,2026-04-07 07:34:00,263
31077594,2026-04-07 08:33:00,263
22504755,2024-04-09 07:41:14,263
27322314,2025-04-02 06:43:16,263
31022083,2026-04-02 07:57:28,263
22469873,2024-04-06 08:38:58,263
27329543,2025-04-03 07:13:45,263
27329553,2025-04-03 07:19:43,263
15485808,2022-03-28 05:09:11,263
15485810,2022-03-28 05:23:12,263
15485809,2022-03-28 05:37:13,263
15489777,2022-03-29 05:08:32,263
15496804,2022-03-30 06:37:29,263
19230357,2023-03-26 07:14:54,263
19230356,2023-03-26 07:23:53,263
19210549,2023-03-26 07:40:11,263
19230355,2023-03-26 07:48:21,263
19230354,2023-03-26 08:02:00,263
19230353,2023-03-26 08:18:39,263
19230360,2023-03-26 08:23:50,263
19223453,2023-03-26 08:44:43,263
19223346,2023-03-29 18:20:12,263
19244935,2023-04-05 06:17:36,263
22435175,2024-03-31 09:33:14,263
22435736,2024-03-31 13:34:52,263
22470914,2024-04-07 05:54:44,263
22471009,2024-04-07 06:16:45,263
22471007,2024-04-07 06:30:45,263
22471008,2024-04-07 06:44:45,263
22471071,2024-04-07 08:17:33,263
22471072,2024-04-07 08:31:33,263
22471070,2024-04-07 08:45:34,263
22471136,2024-04-07 08:53:07,263
22471137,2024-04-07 09:07:07,263
22471138,2024-04-07 09:21:07,263
22497169,2024-04-08 06:00:24,263
22504693,2024-04-09 05:48:50,263
22504735,2024-04-09 06:19:50,263
22504734,2024-04-09 06:33:50,263
22504733,2024-04-09 06:47:50,263
22504762,2024-04-09 08:52:34,263
27329450,2025-04-03 05:48:54,263
27329451,2025-04-03 06:02:55,263
27329452,2025-04-03 06:16:56,263
27351015,2025-04-05 06:12:25,263
27383115,2025-04-07 05:48:20,263
27383116,2025-04-07 06:02:21,263
27383114,2025-04-07 06:16:37,263
27383576,2025-04-07 08:54:22,263
27389140,2025-04-08 07:58:36,263
30871093,2026-03-29 04:31:14,263
30872692,2026-03-29 16:19:17,263
30873433,2026-03-30 05:20:56,263
30873570,2026-03-30 06:49:08,263
30873571,2026-03-30 07:03:09,263
30873569,2026-03-30 07:17:11,263
30880386,2026-03-31 06:19:02,263
30890948,2026-04-01 06:07:58,263
30891027,2026-04-01 07:34:40,263
31021881,2026-04-02 05:37:35,263
31029785,2026-04-02 16:13:59,263
31029787,2026-04-02 16:16:52,263
31037220,2026-04-03 05:09:37,263
31038594,2026-04-04 06:57:00,263
31040016,2026-04-05 05:28:25,263
31349157,2026-04-05 11:14:27,263
31349706,2026-04-05 11:44:57,263
31349685,2026-04-05 12:50:48,263
31349683,2026-04-05 12:58:08,263
31040999,2026-04-06 06:08:04,263
31041000,2026-04-06 06:22:04,263
31040998,2026-04-06 06:36:04,263
31041073,2026-04-06 06:42:56,263
31041071,2026-04-06 06:56:57,263
31041072,2026-04-06 07:10:57,263
31042316,2026-04-07 05:31:14,263
31042389,2026-04-07 05:52:34,263
31042388,2026-04-07 06:06:34,263
31042390,2026-04-07 06:20:34,263
31050947,2026-04-08 05:40:52,263
31051004,2026-04-08 06:23:37,263
21946224,2023-10-29 06:46:32,265
21948703,2023-10-30 06:39:22,265
21964394,2023-10-30 11:13:42,265
21964393,2023-10-31 07:22:32,265
21995705,2023-11-02 07:16:25,265
22010687,2023-11-03 07:23:20,265
22018125,2023-11-05 07:24:15,265
22018127,2023-11-05 07:27:33,265
22040387,2023-11-08 07:53:47,265
22435170,2024-03-31 08:39:56,263
22451991,2024-04-01 06:39:06,263
22469724,2024-04-06 05:40:40,263
22479091,2024-04-07 19:51:24,263
26255403,2024-10-31 07:28:06,265
26263331,2024-11-02 07:27:54,265
26266209,2024-11-04 07:17:36,265
30880391,2026-03-31 05:43:59,263
30880392,2026-03-31 05:57:59,263
30880390,2026-03-31 06:11:59,263
30880397,2026-03-31 06:28:39,263
31021964,2026-03-31 06:42:47,263
30890946,2026-04-01 04:59:51,263
30890944,2026-04-01 05:13:52,263
30890945,2026-04-01 05:27:52,263
30890977,2026-04-01 06:43:27,263
31021963,2026-04-02 05:51:56,263
31021930,2026-04-02 05:56:50,263
31021931,2026-04-02 06:10:50,263
31021929,2026-04-02 06:24:50,263
31022066,2026-04-02 07:18:45,263
31022065,2026-04-02 07:32:46,263
31022067,2026-04-02 07:46:46,263
31037395,2026-04-03 07:16:18,263
31037394,2026-04-03 07:30:18,263
31037392,2026-04-03 07:44:18,263
31038665,2026-04-04 07:13:06,263
31038666,2026-04-04 07:27:06,263
31038664,2026-04-04 07:41:06,263
31040158,2026-04-05 04:42:36,263
31040157,2026-04-05 04:56:36,263
31040159,2026-04-05 05:10:36,263
31040226,2026-04-05 07:27:10,263
31040228,2026-04-05 07:41:10,263
31040227,2026-04-05 07:55:10,263
31041067,2026-04-06 06:39:38,263
31041063,2026-04-06 06:53:38,263
31041061,2026-04-06 07:07:38,263
31041837,2026-04-06 18:21:56,263
31041984,2026-04-06 18:25:58,263
31042454,2026-04-07 06:34:06,263
31042453,2026-04-07 06:48:06,263
31042455,2026-04-07 07:02:06,263
19227106,2023-03-31 12:53:20,263
22469846,2024-04-06 05:21:11,263
22469845,2024-04-06 05:35:12,263
22469844,2024-04-06 05:49:12,263
22470992,2024-04-07 05:53:41,263
22470994,2024-04-07 06:07:42,263
22470993,2024-04-07 06:21:43,263
22497227,2024-04-08 05:59:21,263
22497232,2024-04-08 05:59:21,263
22497229,2024-04-08 06:13:22,263
22497231,2024-04-08 06:13:22,263
22497228,2024-04-08 06:27:23,263
22497230,2024-04-08 06:27:23,263
22506936,2024-04-10 06:07:19,263
22506935,2024-04-10 06:21:20,263
22506934,2024-04-10 06:35:21,263
27283958,2025-03-30 06:40:27,263
27283957,2025-03-30 06:54:27,263
27283956,2025-03-30 07:08:28,263
27283937,2025-03-30 08:57:33,263
27305514,2025-03-31 06:07:03,263
27305583,2025-03-31 06:15:36,263
27305585,2025-03-31 06:29:37,263
27305584,2025-03-31 06:43:38,263
27325436,2025-04-01 05:49:32,263
27325442,2025-04-01 06:03:33,263
27325435,2025-04-01 06:17:33,263
27315923,2025-04-01 06:23:43,263
27325450,2025-04-02 05:40:20,263
27325447,2025-04-02 05:54:20,263
27325455,2025-04-02 06:08:21,263
27322247,2025-04-02 06:24:15,263
27329341,2025-04-03 05:28:42,263
27329539,2025-04-03 06:10:52,263
27329538,2025-04-03 06:24:52,263
27329431,2025-04-03 06:36:58,263
27329537,2025-04-03 06:38:53,263
27329453,2025-04-03 06:45:10,263
27341055,2025-04-04 05:14:34,263
27350871,2025-04-04 05:28:34,263
27341052,2025-04-04 05:42:35,263
27341049,2025-04-04 05:57:09,263
27341210,2025-04-04 07:08:51,263
27351507,2025-04-05 06:09:12,263
27351508,2025-04-05 06:23:12,263
27351509,2025-04-05 06:37:12,263
27351185,2025-04-05 07:24:11,263
27380837,2025-04-06 05:34:11,263
27380839,2025-04-06 05:48:11,263
27380838,2025-04-06 06:02:12,263
27380744,2025-04-06 06:06:56,263
27380748,2025-04-06 06:16:00,263
27383208,2025-04-07 05:35:25,263
27383209,2025-04-07 05:49:25,263
27383210,2025-04-07 06:03:26,263
27383074,2025-04-07 06:05:54,263
27383107,2025-04-07 06:13:04,263
27383204,2025-04-07 06:39:04,263
27388283,2025-04-07 20:28:12,263
27389102,2025-04-08 05:06:47,263
27389103,2025-04-08 05:20:47,263
27389104,2025-04-08 05:34:48,263
27388901,2025-04-08 05:57:21,263
27388907,2025-04-08 05:59:33,263
27388921,2025-04-08 06:10:10,263
27389099,2025-04-08 07:07:48,263
27397735,2025-04-09 05:54:20,263
27397557,2025-04-09 05:56:49,263
27397734,2025-04-09 06:08:21,263
27397736,2025-04-09 06:22:21,263
27397710,2025-04-09 07:02:54,263
30055225,2025-11-03 06:00:00,265
30872353,2026-03-29 06:06:19,263
30872356,2026-03-29 06:20:23,263
30872357,2026-03-29 06:34:27,263
30871143,2026-03-29 07:45:07,263
30872414,2026-03-29 12:59:58,263
30877564,2026-03-30 06:00:44,263
30877566,2026-03-30 06:14:47,263
30877563,2026-03-30 06:28:51,263
30878477,2026-03-30 20:08:15,263
30880366,2026-03-31 05:15:57,263
30987695,2026-03-31 06:36:38,263
30987713,2026-03-31 06:50:42,263
30987704,2026-03-31 07:04:45,263
30987722,2026-04-01 05:39:13,263
30987723,2026-04-01 05:53:17,263
30987724,2026-04-01 06:07:20,263
31021903,2026-04-02 05:57:12,263
31021904,2026-04-02 06:02:52,263
31037460,2026-04-02 06:24:03,263
31038370,2026-04-02 06:38:06,263
31021952,2026-04-02 06:43:35,263
31038371,2026-04-02 06:52:10,263
31022016,2026-04-02 07:24:27,263
31038372,2026-04-03 06:13:54,263
31038373,2026-04-03 06:27:58,263
31038369,2026-04-03 06:42:01,263
31038524,2026-04-04 05:22:31,263
31038541,2026-04-04 05:53:42,263
31039071,2026-04-04 06:31:26,263
31038586,2026-04-04 06:44:31,263
31039072,2026-04-04 06:45:30,263
31038599,2026-04-04 06:48:26,263
31039073,2026-04-04 06:59:33,263
31038680,2026-04-04 07:54:16,263
31040202,2026-04-05 05:29:06,263
31040201,2026-04-05 05:43:10,263
31040203,2026-04-05 05:57:13,263
31040081,2026-04-05 06:17:56,263
31040148,2026-04-05 07:11:22,263
31040771,2026-04-05 20:31:06,263
31040935,2026-04-06 05:43:15,263
31040994,2026-04-06 05:50:54,263
31041278,2026-04-06 06:01:04,263
31041013,2026-04-06 06:04:54,263
31041279,2026-04-06 06:15:08,263
31041009,2026-04-06 06:18:54,263
31041280,2026-04-06 06:29:11,263
31042363,2026-04-07 06:15:53,263
31042549,2026-04-07 06:36:00,263
31042550,2026-04-07 06:50:03,263
31042548,2026-04-07 07:04:07,263
31042462,2026-04-07 07:05:07,263
31042531,2026-04-07 07:52:10,263
31049208,2026-04-07 18:26:12,263
31049629,2026-04-07 19:56:38,263
31049638,2026-04-07 20:17:02,263
31050903,2026-04-08 04:31:36,263
31051874,2026-04-08 05:41:21,263
31050954,2026-04-08 05:48:20,263
31051876,2026-04-08 05:55:25,263
31051875,2026-04-08 06:09:28,263
31051016,2026-04-08 06:26:31,263
31051109,2026-04-08 06:37:08,263
31051037,2026-04-08 06:43:41,263
31051118,2026-04-08 06:51:08,263
31051134,2026-04-08 07:05:09,263
18808042,2022-11-07 06:55:22,265
18808041,2022-11-07 07:09:23,265
18808043,2022-11-07 07:23:24,265
18810708,2022-11-08 07:19:50,265
18810707,2022-11-08 07:33:52,265
18810709,2022-11-08 07:47:53,265
30872579,2026-03-29 13:59:50,263
30873471,2026-03-30 05:29:37,263
31019814,2026-04-01 19:32:36,263
31038400,2026-04-03 18:55:40,263
31038449,2026-04-03 19:00:13,263
31040099,2026-04-05 06:28:21,263
31041094,2026-04-06 07:00:11,263
31041096,2026-04-06 07:14:14,263
31041095,2026-04-06 07:28:17,263
31042315,2026-04-07 05:28:35,263
31042347,2026-04-07 06:04:36,263
31050943,2026-04-08 05:31:13,263
15489826,2022-03-29 06:19:29,263
15489825,2022-03-29 06:33:30,263
15489824,2022-03-29 06:47:32,263
15496805,2022-03-30 06:10:24,263
15496807,2022-03-30 06:24:25,263
15496806,2022-03-30 06:38:26,263
15511051,2022-03-31 06:06:00,263
15511050,2022-03-31 06:20:01,263
15511052,2022-03-31 06:34:03,263
15519137,2022-04-01 06:49:39,263
15519135,2022-04-01 07:03:41,263
15519136,2022-04-01 07:17:42,263
15525769,2022-04-03 06:51:07,263
15525770,2022-04-03 07:05:08,263
15525768,2022-04-03 07:19:09,263
15550418,2022-04-04 06:29:24,263
15550416,2022-04-04 06:43:26,263
15550417,2022-04-04 06:57:27,263
19228878,2023-04-01 06:22:09,263
19228880,2023-04-01 06:36:09,263
19228879,2023-04-01 06:50:10,263
22435151,2024-03-31 06:16:37,263
22435149,2024-03-31 06:30:38,263
22435150,2024-03-31 06:44:39,263
27283540,2025-03-30 03:53:16,263
27283541,2025-03-30 04:01:50,263
27283858,2025-03-30 06:40:51,263
27283860,2025-03-30 06:54:52,263
27283859,2025-03-30 07:08:53,263
27305635,2025-03-31 07:20:35,263
27305636,2025-03-31 07:34:36,263
27305637,2025-03-31 07:48:37,263
27315890,2025-04-01 05:43:00,263
27315889,2025-04-01 05:57:01,263
27315888,2025-04-01 06:11:02,263
27315978,2025-04-01 06:13:47,263
27315977,2025-04-01 06:27:47,263
27315976,2025-04-01 06:41:47,263
27316101,2025-04-01 07:13:11,263
27316100,2025-04-01 07:27:11,263
27316099,2025-04-01 07:41:13,263
27322243,2025-04-02 05:39:09,263
27322244,2025-04-02 05:53:09,263
27322272,2025-04-02 06:02:20,263
27322242,2025-04-02 06:07:09,263
27322275,2025-04-02 06:16:37,263
27322273,2025-04-02 06:30:54,263
27322529,2025-04-02 07:02:19,263
27322531,2025-04-02 07:16:20,263
27322530,2025-04-02 07:30:21,263
27329397,2025-04-03 05:37:32,263
27329395,2025-04-03 05:51:32,263
27329396,2025-04-03 06:05:32,263
27329375,2025-04-03 06:08:09,263
27329404,2025-04-03 06:20:45,263
27329721,2025-04-03 06:53:25,263
27329722,2025-04-03 07:07:26,263
27329723,2025-04-03 07:21:27,263
27334438,2025-04-03 13:46:05,263
27341085,2025-04-04 05:38:03,263
27341087,2025-04-04 05:52:03,263
27341086,2025-04-04 06:06:03,263
27341187,2025-04-04 06:29:29,263
27341188,2025-04-04 06:43:30,263
27341186,2025-04-04 06:57:31,263
27351021,2025-04-05 05:37:48,263
27351020,2025-04-05 05:51:48,263
27351022,2025-04-05 06:05:48,263
27380751,2025-04-06 05:36:54,263
27380752,2025-04-06 05:50:54,263
27380753,2025-04-06 06:04:55,263
27381466,2025-04-06 15:59:05,263
27383102,2025-04-07 05:36:45,263
27383138,2025-04-07 05:40:00,263
27383103,2025-04-07 05:50:46,263
27383139,2025-04-07 05:54:00,263
27383104,2025-04-07 06:04:47,263
27383137,2025-04-07 06:08:00,263
27383360,2025-04-07 07:49:58,263
27388791,2025-04-08 01:43:04,263
27388930,2025-04-08 05:22:26,263
27388929,2025-04-08 05:36:26,263
27388939,2025-04-08 05:48:46,263
27388931,2025-04-08 05:50:26,263
27388941,2025-04-08 06:02:47,263
27388940,2025-04-08 06:16:48,263
27389186,2025-04-08 06:27:21,263
27389187,2025-04-08 06:41:42,263
27389188,2025-04-08 06:55:59,263
27389251,2025-04-08 09:08:44,263
27390565,2025-04-08 13:21:39,263
27390588,2025-04-08 13:26:14,263
27397673,2025-04-09 05:24:19,263
27397675,2025-04-09 05:38:19,263
27397674,2025-04-09 05:52:20,263
27397672,2025-04-09 06:05:58,263
27397670,2025-04-09 06:19:59,263
27397671,2025-04-09 06:34:00,263
27397752,2025-04-09 06:48:31,263
27397754,2025-04-09 07:02:48,263
27397753,2025-04-09 07:17:05,263
27397772,2025-04-09 07:41:37,263
30027035,2025-10-28 07:00:00,265
30873481,2026-03-30 06:36:17,263
30880400,2026-03-31 06:38:26,263
31021911,2026-04-02 06:11:26,263
31021999,2026-04-02 06:32:31,263
31022000,2026-04-02 06:46:35,263
31022001,2026-04-02 07:00:38,263
31037417,2026-04-03 08:12:22,263
31041264,2026-04-06 06:55:39,263
31041263,2026-04-06 07:09:39,263
31041265,2026-04-06 07:23:39,263
31042710,2026-04-07 06:04:55,263
31042709,2026-04-07 06:18:55,263
31042360,2026-04-07 06:20:51,263
31042708,2026-04-07 06:32:56,263
31048216,2026-04-07 16:25:12,263
31048387,2026-04-07 16:40:08,263
31048395,2026-04-07 16:43:52,263
31048417,2026-04-07 16:48:32,263
31048577,2026-04-07 16:51:35,263
31048579,2026-04-07 16:55:31,263
31048726,2026-04-07 17:10:36,263
31048740,2026-04-07 17:14:05,263
31048745,2026-04-07 17:16:36,263
31048789,2026-04-07 17:20:38,263
31048861,2026-04-07 17:24:50,263
31048866,2026-04-07 17:32:50,263
31063424,2026-04-07 17:39:19,263
31048903,2026-04-07 17:44:07,263
31049070,2026-04-07 18:04:42,263
31049094,2026-04-07 18:07:55,263
31049102,2026-04-07 18:13:05,263
31049179,2026-04-07 18:15:25,263
31050975,2026-04-08 05:30:02,263
31051196,2026-04-08 05:37:08,263
31051195,2026-04-08 05:51:08,263
31051197,2026-04-08 06:05:09,263
31050969,2026-04-08 06:06:09,263
31050990,2026-04-08 06:12:47,263
31051086,2026-04-08 06:43:44,263
31051262,2026-04-08 07:23:26,263
31051263,2026-04-08 07:37:43,263
31051264,2026-04-08 07:51:59,263
30872348,2026-03-29 07:56:40,263
30872347,2026-03-29 08:22:10,263
18800643,2022-10-31 07:27:20,265
19223135,2023-03-30 07:23:48,263
27322253,2025-04-02 06:26:35,263
27388226,2025-04-07 19:57:15,263
31041809,2026-04-06 17:22:26,263
19217376,2023-03-28 06:26:06,263
19217374,2023-03-28 06:40:07,263
19217375,2023-03-28 06:54:08,263
22451878,2024-04-01 06:04:15,263
22459902,2024-04-03 06:04:40,263
22459903,2024-04-03 06:18:41,263
22459904,2024-04-03 06:32:42,263
22469729,2024-04-06 06:03:54,263
22497208,2024-04-08 06:05:28,263
22497209,2024-04-08 06:19:30,263
22497210,2024-04-08 06:33:31,263
22504710,2024-04-09 06:05:35,263
22504711,2024-04-09 06:19:36,263
22504712,2024-04-09 06:33:37,263
22507001,2024-04-10 05:54:44,263
22507002,2024-04-10 06:08:45,263
22507003,2024-04-10 06:22:46,263
27322252,2025-04-02 06:27:46,263
31022195,2026-04-02 09:32:51,263
31041337,2026-04-06 07:30:30,263
31042436,2026-04-07 06:29:32,263
31042437,2026-04-07 06:43:36,263
31042435,2026-04-07 06:57:39,263
31051138,2026-04-08 06:54:50,263
31051137,2026-04-08 07:08:54,263
31051139,2026-04-08 07:22:57,263
15566324,2022-03-29 07:15:35,263
15566322,2022-03-30 12:46:48,263
18805232,2022-11-02 08:45:01,265
18805361,2022-11-02 16:02:45,265
19229009,2023-03-26 10:34:51,263
19223118,2023-03-30 06:38:19,263
19231553,2023-04-03 06:03:30,263
19243681,2023-04-04 06:10:31,263
27315876,2025-04-01 05:56:25,263
27315994,2025-04-01 06:55:41,263
27341426,2025-04-04 08:22:39,263
31024074,2026-04-02 13:55:05,263
31036786,2026-04-02 18:12:49,263
31037552,2026-04-03 12:22:19,263
31037703,2026-04-03 12:37:14,263
31037709,2026-04-03 12:48:14,263
31040235,2026-04-05 08:13:32,263
31040553,2026-04-05 12:53:08,263
31040554,2026-04-05 12:56:38,263
31041242,2026-04-06 06:15:13,263
31041240,2026-04-06 06:29:13,263
31041241,2026-04-06 06:43:13,263
27316045,2025-04-01 06:36:48,263
27316044,2025-04-01 06:50:49,263
27316043,2025-04-01 07:04:51,263
27322501,2025-04-02 07:05:08,263
27322500,2025-04-02 07:19:09,263
27322496,2025-04-02 07:33:11,263
30060139,2025-11-04 07:05:21,265
30890997,2026-04-01 06:59:58,263
31022022,2026-04-02 07:27:26,263
31041203,2026-04-06 08:04:41,263
31051090,2026-04-08 07:09:45,263
27329398,2025-04-03 06:13:58,263
27322532,2025-04-02 06:26:18,263
27322533,2025-04-02 06:40:18,263
27322534,2025-04-02 06:54:18,263
27329600,2025-04-03 05:46:33,263
27329412,2025-04-03 05:57:58,263
27329599,2025-04-03 06:00:33,263
27329411,2025-04-03 06:11:58,263
27329598,2025-04-03 06:14:33,263
27329413,2025-04-03 06:25:59,263
27341958,2025-04-04 06:35:15,263
27341957,2025-04-04 06:49:15,263
27341959,2025-04-04 07:03:16,263
27349668,2025-04-04 18:37:59,263
27349839,2025-04-04 18:47:48,263
27351364,2025-04-05 06:49:40,263
27351363,2025-04-05 07:03:40,263
27351362,2025-04-05 07:17:40,263
27383129,2025-04-07 05:57:46,263
27383130,2025-04-07 06:11:46,263
27383131,2025-04-07 06:25:46,263
27389119,2025-04-08 06:18:22,263
27389117,2025-04-08 06:32:22,263
27389118,2025-04-08 06:46:22,263
30891126,2026-04-01 06:12:51,263
30891135,2026-04-01 06:26:51,263
30891094,2026-04-01 06:40:51,263
31037508,2026-04-03 10:13:07,263
31037506,2026-04-03 10:27:07,263
31037503,2026-04-03 10:41:07,263
31040257,2026-04-05 05:55:45,263
31040259,2026-04-05 06:09:45,263
31040253,2026-04-05 06:23:45,263
31041259,2026-04-06 05:26:02,263
31041255,2026-04-06 05:40:02,263
31041253,2026-04-06 05:54:02,263
31042539,2026-04-07 05:12:22,263
31042540,2026-04-07 05:26:22,263
31042538,2026-04-07 05:40:22,263
22435756,2024-03-31 14:07:46,263
22452010,2024-04-01 07:06:01,263
22461824,2024-04-04 06:13:50,263
22461823,2024-04-04 06:27:52,263
22461822,2024-04-04 06:41:53,263
27315981,2025-04-01 06:34:15,263
27325454,2025-04-02 06:27:15,263
27322486,2025-04-02 06:36:13,263
27329416,2025-04-03 06:27:40,263
27341192,2025-04-03 06:28:50,263
27329484,2025-04-03 06:36:06,263
27341152,2025-04-04 06:38:36,263
27341183,2025-04-04 06:48:13,263
27351057,2025-04-05 06:06:04,263
27351056,2025-04-05 06:20:05,263
27351276,2025-04-05 06:22:26,263
27351058,2025-04-05 06:34:06,263
27380792,2025-04-06 06:40:05,263
27381526,2025-04-06 16:38:04,263
27383212,2025-04-07 06:14:34,263
27388025,2025-04-07 06:16:01,263
27470568,2025-04-08 06:31:47,263
27441544,2025-04-09 06:33:53,263
30871115,2026-03-29 06:56:56,263
30871116,2026-03-29 07:00:58,263
30871120,2026-03-29 07:20:04,263
30880405,2026-03-31 06:46:23,263
31021919,2026-04-02 06:20:09,263
31029828,2026-04-02 16:20:32,263
31029841,2026-04-02 16:35:53,263
31029849,2026-04-02 16:42:38,263
31030249,2026-04-02 16:53:09,263
31037466,2026-04-03 10:08:49,263
31037470,2026-04-03 10:21:02,263
31037472,2026-04-03 10:26:06,263
31037479,2026-04-03 10:35:37,263
31037484,2026-04-03 10:41:00,263
31037486,2026-04-03 10:44:49,263
31037856,2026-04-03 14:40:20,263
31038374,2026-04-03 17:16:27,263
31038378,2026-04-03 17:32:54,263
31039610,2026-04-04 15:12:10,263
31039613,2026-04-04 15:36:43,263
31040137,2026-04-05 06:13:01,263
31040292,2026-04-05 10:30:06,263
31040294,2026-04-05 10:36:22,263
31040487,2026-04-05 10:40:45,263
31040632,2026-04-05 17:49:49,263
31040713,2026-04-05 18:35:57,263
31040717,2026-04-05 18:45:30,263
31040733,2026-04-05 19:22:06,263
31040949,2026-04-06 05:57:26,263
31040981,2026-04-06 06:00:53,263
31040965,2026-04-06 06:11:58,263
31041209,2026-04-06 06:30:48,263
31050961,2026-04-08 05:54:40,263
31569707,2026-04-08 06:51:25,263
31061584,2026-04-08 15:48:51,263
31040019,2026-04-05 05:35:08,263
31040022,2026-04-05 05:45:12,263
31042524,2026-04-07 06:57:22,263
31042526,2026-04-07 07:11:22,263
31042525,2026-04-07 07:25:22,263
31051199,2026-04-08 07:40:19,263
31041364,2026-04-06 11:53:39,263
31041402,2026-04-06 12:32:12,263
9812458,2021-04-06 08:15:00,263
22469726,2024-04-06 05:47:06,263
22469748,2024-04-06 06:27:52,263
22469928,2024-04-06 09:12:28,263
22470222,2024-04-06 15:33:37,263
31022071,2026-04-02 07:49:55,263
15496799,2022-03-30 06:05:31,263
15511038,2022-03-31 06:12:13,263
31037294,2026-04-03 06:05:47,263
31037293,2026-04-03 06:19:47,263
31037292,2026-04-03 06:33:47,263
31042375,2026-04-07 06:23:45,263
31042428,2026-04-07 06:51:16,263
31051093,2026-04-08 07:11:38,263
27315897,2025-04-01 06:16:24,263
27315980,2025-04-01 06:44:45,263
27315993,2025-04-01 06:46:34,263
27315991,2025-04-01 06:52:28,263
27321468,2025-04-01 20:11:29,263
27322258,2025-04-02 05:59:17,263
27322257,2025-04-02 06:13:17,263
27322259,2025-04-02 06:27:17,263
27322350,2025-04-02 06:58:59,263
27322351,2025-04-02 07:02:11,263
27324963,2025-04-02 12:59:04,263
27329415,2025-04-03 06:26:44,263
27329486,2025-04-03 06:29:23,263
27329487,2025-04-03 06:43:23,263
27329485,2025-04-03 06:57:23,263
27341109,2025-04-04 06:21:51,263
27341198,2025-04-04 06:37:41,263
27341199,2025-04-04 06:51:41,263
27341197,2025-04-04 07:05:41,263
27351101,2025-04-05 06:09:28,263
27351102,2025-04-05 06:23:29,263
27351103,2025-04-05 06:37:30,263
27351309,2025-04-05 08:53:48,263
27351323,2025-04-05 09:15:50,263
27351583,2025-04-05 14:01:19,263
27383255,2025-04-07 06:25:20,263
27383143,2025-04-07 06:28:16,263
27383256,2025-04-07 06:39:20,263
27383257,2025-04-07 06:53:20,263
27388951,2025-04-08 06:24:41,263
27389052,2025-04-08 06:30:18,263
27389051,2025-04-08 06:44:18,263
27389050,2025-04-08 06:58:18,263
27397570,2025-04-09 06:04:52,263
27397688,2025-04-09 06:33:00,263
27397687,2025-04-09 06:47:00,263
27397689,2025-04-09 07:01:00,263
27400599,2025-04-09 12:50:32,263
30891075,2026-04-01 09:03:31,263
31022038,2026-04-02 07:33:30,263
31038623,2026-04-04 07:14:02,263
31040147,2026-04-05 07:14:45,263
31040616,2026-04-05 17:32:33,263
31040617,2026-04-05 17:37:57,263
31041047,2026-04-06 06:57:19,263
31042469,2026-04-07 07:07:55,263
9812448,2021-04-02 08:45:00,263
27305575,2025-03-31 06:56:28,263
27320045,2025-04-01 16:33:55,263
27322400,2025-04-02 07:38:02,263
27329366,2025-04-03 06:00:06,263
27380827,2025-04-06 06:53:09,263
31022023,2026-04-02 06:39:18,263
31040102,2026-04-05 06:29:23,263
31040184,2026-04-05 06:38:55,263
31040188,2026-04-05 07:38:20,263
31040238,2026-04-05 07:57:58,263
30075650,2025-11-05 14:20:30,265
30075651,2025-11-05 14:22:02,265
22497222,2024-04-08 06:37:18,263
27341124,2025-04-04 06:28:15,263
27383065,2025-04-07 05:56:59,263
27383159,2025-04-07 06:21:06,263
27388937,2025-04-08 06:14:23,263
31040106,2026-04-05 06:34:35,263
31041092,2026-04-06 07:28:49,263
31042358,2026-04-07 06:17:44,263
22439944,2024-03-31 20:10:20,263
22452017,2024-04-01 07:22:07,263
26221484,2024-10-27 06:47:20,265
21975854,2023-11-01 12:10:07,265
21975856,2023-11-01 12:26:25,265
22469730,2024-04-06 06:07:06,263
22469932,2024-04-06 09:20:22,263
22471044,2024-04-07 07:41:22,263
22479090,2024-04-07 19:39:36,263
22481515,2024-04-07 19:51:27,263
22483947,2024-04-07 20:10:19,263
22483952,2024-04-07 20:13:25,263
22506922,2024-04-10 06:33:19,263
26221470,2024-10-27 06:33:26,265
26221483,2024-10-27 06:38:40,265
26223080,2024-10-28 07:05:06,265
26237131,2024-10-29 06:40:18,265
26242356,2024-10-30 06:52:57,265
26255401,2024-10-31 07:15:24,265
26255402,2024-10-31 07:17:42,265
26259932,2024-11-01 06:39:43,265
26263330,2024-11-02 07:19:50,265
26264395,2024-11-03 07:18:02,265
26264396,2024-11-03 07:22:45,265
26266250,2024-11-04 07:12:44,265
26269000,2024-11-05 07:24:36,265
26275130,2024-11-06 06:24:56,265
27283636,2025-03-30 07:14:35,263
27305622,2025-03-31 07:26:04,263
27316011,2025-04-01 06:56:53,263
27316057,2025-04-01 07:22:36,263
27322309,2025-04-02 06:46:36,263
27322390,2025-04-02 07:32:16,263
27329383,2025-04-03 06:12:29,263
27329401,2025-04-03 06:15:26,263
27329457,2025-04-03 06:17:30,263
27329459,2025-04-03 06:31:31,263
27329458,2025-04-03 06:45:32,263
27329488,2025-04-03 07:02:05,263
27341161,2025-04-04 06:10:27,263
27341273,2025-04-04 06:44:11,263
27341277,2025-04-04 07:49:54,263
27351039,2025-04-05 06:27:20,263
27351433,2025-04-05 10:19:37,263
27380828,2025-04-06 07:04:50,263
27383232,2025-04-07 06:41:00,263
27388916,2025-04-08 06:00:28,263
27389059,2025-04-08 06:57:37,263
27389121,2025-04-08 07:39:23,263
27425320,2025-04-09 06:47:43,263
30006483,2025-10-26 06:59:50,265
30007315,2025-10-27 07:51:06,265
30032598,2025-10-29 07:17:08,265
30036441,2025-10-30 07:22:07,265
30048289,2025-10-31 07:06:11,265
30053260,2025-11-01 07:31:40,265
30054072,2025-11-02 07:18:53,265
30055232,2025-11-03 07:38:27,265
30060141,2025-11-04 07:14:33,265
30069806,2025-11-04 18:50:47,265
30066225,2025-11-05 06:52:55,265
30872351,2026-03-29 07:50:09,263
30873495,2026-03-30 07:10:19,263
30880437,2026-03-31 07:26:02,263
30891028,2026-04-01 07:36:21,263
31022025,2026-04-02 07:28:18,263
31022049,2026-04-02 07:34:21,263
31037271,2026-04-03 06:12:41,263
31037343,2026-04-03 07:13:32,263
31037426,2026-04-03 08:15:23,263
31038559,2026-04-04 06:23:53,263
31038658,2026-04-04 07:33:39,263
31040086,2026-04-05 06:19:28,263
31040177,2026-04-05 07:28:41,263
31040541,2026-04-05 11:51:35,263
31040813,2026-04-05 17:59:59,263
31040814,2026-04-05 18:04:25,263
31040817,2026-04-05 18:17:20,263
31040818,2026-04-05 18:21:01,263
31040819,2026-04-05 18:25:30,263
31040821,2026-04-05 18:30:21,263
31040823,2026-04-05 18:34:01,263
31040825,2026-04-05 18:40:43,263
31040827,2026-04-05 18:45:33,263
31040828,2026-04-05 18:51:59,263
31040830,2026-04-05 19:06:16,263
31040831,2026-04-05 19:09:48,263
31040833,2026-04-05 19:14:48,263
31040834,2026-04-05 19:18:02,263
31040835,2026-04-05 19:20:59,263
31040836,2026-04-05 19:25:18,263
31040837,2026-04-05 19:28:09,263
31040838,2026-04-05 19:30:11,263
31040974,2026-04-06 06:22:49,263
31041093,2026-04-06 07:22:21,263
31041688,2026-04-06 14:12:34,263
31041690,2026-04-06 14:14:55,263
31041691,2026-04-06 14:17:48,263
31041692,2026-04-06 14:20:01,263
31042264,2026-04-06 18:44:22,263
31042938,2026-04-07 06:05:30,263
31042939,2026-04-07 06:08:13,263
31042940,2026-04-07 06:11:45,263
31042942,2026-04-07 06:14:31,263
31042944,2026-04-07 06:18:11,263
31042976,2026-04-07 06:21:45,263
31042977,2026-04-07 06:47:37,263
31042978,2026-04-07 06:52:07,263
31042985,2026-04-07 06:57:48,263
31042988,2026-04-07 07:01:38,263
31042989,2026-04-07 07:07:05,263
31042992,2026-04-07 07:10:46,263
31042484,2026-04-07 07:16:50,263
31042999,2026-04-07 07:36:09,263
31043001,2026-04-07 07:40:10,263
31043006,2026-04-07 07:43:29,263
31043008,2026-04-07 07:47:54,263
31048967,2026-04-07 17:49:34,263
31048971,2026-04-07 17:53:47,263
31049036,2026-04-07 17:56:48,263
31050281,2026-04-07 17:59:12,263
31065521,2026-04-07 18:00:11,263
31050291,2026-04-07 18:06:22,263
31050290,2026-04-07 18:10:59,263
31050289,2026-04-07 18:13:54,263
31050288,2026-04-07 18:21:45,263
31050287,2026-04-07 18:23:55,263
31050286,2026-04-07 18:26:24,263
31050285,2026-04-07 18:32:45,263
31050282,2026-04-07 18:36:25,263
31050283,2026-04-07 18:40:29,263
31050284,2026-04-07 18:45:19,263
31050273,2026-04-07 18:52:03,263
31050272,2026-04-07 18:57:05,263
31050271,2026-04-07 19:00:17,263
31050270,2026-04-07 19:26:38,263
31050269,2026-04-07 19:29:25,263
31050268,2026-04-07 19:33:15,263
31050267,2026-04-07 19:36:43,263
31050266,2026-04-07 19:40:03,263
31050265,2026-04-07 19:42:57,263
31050264,2026-04-07 19:46:14,263
31051087,2026-04-08 06:59:06,263
31051075,2026-04-08 06:59:06,263
31051217,2026-04-08 08:01:17,263
22516803,2024-04-01 05:36:00,263
15519126,2022-04-01 06:22:24,263
27283639,2025-03-30 07:28:28,263
27305604,2025-03-31 07:18:51,263
27316051,2025-04-01 07:22:36,263
27328843,2025-04-02 18:43:21,263
27329540,2025-04-03 07:14:24,263
27341278,2025-04-04 07:52:20,263
27351164,2025-04-05 07:16:27,263
27351658,2025-04-05 16:59:50,263
27380830,2025-04-06 07:17:29,263
27383283,2025-04-07 07:19:48,263
27383288,2025-04-07 07:20:46,263
27389092,2025-04-08 07:16:36,263
27397723,2025-04-09 07:15:04,263
31037833,2026-04-03 08:43:39,263
31050872,2026-04-05 12:22:41,263
31254561,2026-04-06 17:22:54,263
15485821,2022-03-28 06:51:05,263
15485822,2022-03-28 07:05:05,263
15485823,2022-03-28 07:19:05,263
19302444,2023-03-29 06:31:32,263
22435131,2024-03-31 06:17:53,263
22451877,2024-04-01 06:00:15,263
22451879,2024-04-01 06:16:12,263
22459848,2024-04-03 06:22:58,263
22461727,2024-04-04 06:31:51,263
22461728,2024-04-04 06:32:31,263
22461730,2024-04-04 06:34:24,263
22471079,2024-04-07 08:02:43,263
22471078,2024-04-07 08:16:43,263
22471080,2024-04-07 08:30:43,263
22497098,2024-04-08 05:38:55,263
22497200,2024-04-08 06:24:05,263
22504688,2024-04-09 05:42:01,263
22504706,2024-04-09 06:25:09,263
27341228,2025-04-04 07:23:43,263
31043448,2026-04-07 11:31:13,263
27351132,2025-04-05 06:10:55,263
27351133,2025-04-05 06:24:56,263
27351134,2025-04-05 06:38:56,263
31040139,2026-04-05 06:21:35,263
31040138,2026-04-05 06:35:35,263
31040140,2026-04-05 06:49:35,263
31041195,2026-04-06 06:13:59,263
31041194,2026-04-06 06:27:59,263
31041193,2026-04-06 06:41:59,263
31042379,2026-04-07 05:58:36,263
31042378,2026-04-07 06:12:36,263
31042377,2026-04-07 06:26:37,263
22466494,2024-04-05 06:13:18,263
22466495,2024-04-05 06:24:13,263
31042313,2026-04-07 04:59:03,263
31042314,2026-04-07 05:07:36,263
31050907,2026-04-08 05:05:54,263
31050914,2026-04-08 05:24:36,263
27348574,2025-04-04 14:21:02,263
27348700,2025-04-04 14:25:44,263
27351299,2025-04-05 08:39:20,263
27383105,2025-04-07 06:10:24,263
19226757,2023-03-31 06:26:57,263
22461234,2024-04-03 19:26:50,263
22469039,2024-04-05 20:29:53,263
22484016,2024-04-07 20:14:29,263
27315921,2025-04-01 06:27:34,263
27315940,2025-04-01 06:32:17,263
27341133,2025-04-04 06:16:34,263
27341131,2025-04-04 06:30:36,263
27396671,2025-04-08 20:35:17,263
27400399,2025-04-09 12:41:36,263
30872350,2026-03-29 08:38:46,263
30872352,2026-03-29 09:23:28,263
30890965,2026-04-01 06:28:27,263
30891127,2026-04-01 09:22:34,263
31022095,2026-04-02 05:12:42,263
31022094,2026-04-02 05:26:42,263
31022093,2026-04-02 05:40:42,263
31037227,2026-04-03 05:07:48,263
31037226,2026-04-03 05:21:48,263
31037228,2026-04-03 05:35:48,263
31037315,2026-04-03 06:46:56,263
31037442,2026-04-03 08:43:26,263
31040225,2026-04-05 08:11:41,263
31040243,2026-04-05 08:30:43,263
31040939,2026-04-06 05:50:08,263
31040954,2026-04-06 05:59:31,263
31040959,2026-04-06 06:06:10,263
31040964,2026-04-06 06:11:01,263
31040968,2026-04-06 06:14:36,263
31041007,2026-04-06 06:40:03,263
31041023,2026-04-06 06:46:21,263
31041040,2026-04-06 06:56:25,263
31041440,2026-04-06 13:41:48,263
31041676,2026-04-06 13:52:15,263
31041693,2026-04-06 14:29:49,263
31041813,2026-04-06 17:27:06,263
31041830,2026-04-06 18:13:10,263
31041838,2026-04-06 18:24:18,263
31041982,2026-04-06 18:26:41,263
31049274,2026-04-07 06:29:09,263
31042553,2026-04-07 08:37:59,263
31042805,2026-04-07 08:59:12,263
31043166,2026-04-07 10:45:15,263
31049101,2026-04-07 18:07:30,263
31049276,2026-04-07 19:31:26,263
31050957,2026-04-08 05:52:55,263
31050958,2026-04-08 05:56:08,263
31050973,2026-04-08 06:07:14,263
31050982,2026-04-08 06:11:58,263
31050994,2026-04-08 06:19:02,263
31051040,2026-04-08 06:47:16,263
31058719,2026-04-08 13:52:06,263
31039015,2026-04-04 08:27:01,263
31039032,2026-04-04 08:37:18,263
31039038,2026-04-04 08:40:23,263
31039042,2026-04-04 08:47:16,263
31039044,2026-04-04 08:51:05,263
